timestamp,agent_index,action,score,is_win,is_lose,game_over,map_matrix
2025-05-30T20:08:33.694047,0,West,0.0,False,False,False,"[[0, 0, 0, 0, 0, 0, 0, 0, 0, 0, 0], [0, 2, 2, 2, 2, 2, 2, 2, 2, 3, 0], [0, 2, 0, 0, 0, 2, 0, 0, 0, 2, 0], [0, 2, 0, 2, 2, 2, 2, 2, 0, 2, 0], [0, 2, 2, 2, 0, 2, 0, 2, 2, 2, 0], [0, 0, 0, 2, 0, 2, 0, 2, 0, 0, 0], [0, 2, 2, 2, 2, 2, 2, 2, 2, 2, 0], [0, 2, 0, 2, 0, 0, 0, 2, 0, 2, 0], [0, 2, 0, 2, 0, 4, 0, 2, 0, 2, 0], [0, 5, 0, 2, 0, 1, 1, 2, 0, 2, 0], [0, 2, 0, 2, 0, 1, 1, 2, 0, 2, 0], [0, 2, 0, 2, 0, 4, 0, 2, 0, 2, 0], [0, 2, 0, 2, 0, 0, 0, 2, 0, 2, 0], [0, 2, 2, 2, 2, 2, 2, 2, 2, 2, 0], [0, 0, 0, 2, 0, 2, 0, 2, 0, 0, 0], [0, 2, 2, 2, 0, 2, 0, 2, 2, 2, 0], [0, 2, 0, 2, 2, 2, 2, 2, 0, 2, 0], [0, 2, 0, 0, 0, 2, 0, 0, 0, 2, 0], [0, 3, 2, 2, 2, 2, 2, 2, 2, 2, 0], [0, 0, 0, 0, 0, 0, 0, 0, 0, 0, 0]]"
2025-05-30T20:08:33.698692,0,West,9.0,False,False,False,"[[0, 0, 0, 0, 0, 0, 0, 0, 0, 0, 0], [0, 2, 2, 2, 2, 2, 2, 2, 2, 3, 0], [0, 2, 0, 0, 0, 2, 0, 0, 0, 2, 0], [0, 2, 0, 2, 2, 2, 2, 2, 0, 2, 0], [0, 2, 2, 2, 0, 2, 0, 2, 2, 2, 0], [0, 0, 0, 2, 0, 2, 0, 2, 0, 0, 0], [0, 2, 2, 2, 2, 2, 2, 2, 2, 2, 0], [0, 2, 0, 2, 0, 0, 0, 2, 0, 2, 0], [0, 5, 0, 2, 0, 1, 0, 2, 0, 2, 0], [0, 1, 0, 2, 0, 4, 1, 2, 0, 2, 0], [0, 2, 0, 2, 0, 4, 1, 2, 0, 2, 0], [0, 2, 0, 2, 0, 1, 0, 2, 0, 2, 0], [0, 2, 0, 2, 0, 0, 0, 2, 0, 2, 0], [0, 2, 2, 2, 2, 2, 2, 2, 2, 2, 0], [0, 0, 0, 2, 0, 2, 0, 2, 0, 0, 0], [0, 2, 2, 2, 0, 2, 0, 2, 2, 2, 0], [0, 2, 0, 2, 2, 2, 2, 2, 0, 2, 0], [0, 2, 0, 0, 0, 2, 0, 0, 0, 2, 0], [0, 3, 2, 2, 2, 2, 2, 2, 2, 2, 0], [0, 0, 0, 0, 0, 0, 0, 0, 0, 0, 0]]"
2025-05-30T20:08:33.703201,0,West,18.0,False,False,False,"[[0, 0, 0, 0, 0, 0, 0, 0, 0, 0, 0], [0, 2, 2, 2, 2, 2, 2, 2, 2, 3, 0], [0, 2, 0, 0, 0, 2, 0, 0, 0, 2, 0], [0, 2, 0, 2, 2, 2, 2, 2, 0, 2, 0], [0, 2, 2, 2, 0, 2, 0, 2, 2, 2, 0], [0, 0, 0, 2, 0, 2, 0, 2, 0, 0, 0], [0, 2, 2, 2, 2, 2, 2, 2, 2, 2, 0], [0, 5, 0, 2, 0, 0, 0, 2, 0, 2, 0], [0, 1, 0, 2, 0, 1, 0, 2, 0, 2, 0], [0, 1, 0, 2, 0, 4, 4, 2, 0, 2, 0], [0, 2, 0, 2, 0, 1, 1, 2, 0, 2, 0], [0, 2, 0, 2, 0, 1, 0, 2, 0, 2, 0], [0, 2, 0, 2, 0, 0, 0, 2, 0, 2, 0], [0, 2, 2, 2, 2, 2, 2, 2, 2, 2, 0], [0, 0, 0, 2, 0, 2, 0, 2, 0, 0, 0], [0, 2, 2, 2, 0, 2, 0, 2, 2, 2, 0], [0, 2, 0, 2, 2, 2, 2, 2, 0, 2, 0], [0, 2, 0, 0, 0, 2, 0, 0, 0, 2, 0], [0, 3, 2, 2, 2, 2, 2, 2, 2, 2, 0], [0, 0, 0, 0, 0, 0, 0, 0, 0, 0, 0]]"
2025-05-30T20:08:33.706644,0,North,27.0,False,False,False,"[[0, 0, 0, 0, 0, 0, 0, 0, 0, 0, 0], [0, 2, 2, 2, 2, 2, 2, 2, 2, 3, 0], [0, 2, 0, 0, 0, 2, 0, 0, 0, 2, 0], [0, 2, 0, 2, 2, 2, 2, 2, 0, 2, 0], [0, 2, 2, 2, 0, 2, 0, 2, 2, 2, 0], [0, 0, 0, 2, 0, 2, 0, 2, 0, 0, 0], [0, 5, 2, 2, 2, 2, 2, 2, 2, 2, 0], [0, 1, 0, 2, 0, 0, 0, 2, 0, 2, 0], [0, 1, 0, 2, 0, 4, 0, 2, 0, 2, 0], [0, 1, 0, 2, 0, 1, 1, 2, 0, 2, 0], [0, 2, 0, 2, 0, 1, 4, 2, 0, 2, 0], [0, 2, 0, 2, 0, 1, 0, 2, 0, 2, 0], [0, 2, 0, 2, 0, 0, 0, 2, 0, 2, 0], [0, 2, 2, 2, 2, 2, 2, 2, 2, 2, 0], [0, 0, 0, 2, 0, 2, 0, 2, 0, 0, 0], [0, 2, 2, 2, 0, 2, 0, 2, 2, 2, 0], [0, 2, 0, 2, 2, 2, 2, 2, 0, 2, 0], [0, 2, 0, 0, 0, 2, 0, 0, 0, 2, 0], [0, 3, 2, 2, 2, 2, 2, 2, 2, 2, 0], [0, 0, 0, 0, 0, 0, 0, 0, 0, 0, 0]]"
2025-05-30T20:08:33.713138,0,North,36.0,False,False,False,"[[0, 0, 0, 0, 0, 0, 0, 0, 0, 0, 0], [0, 2, 2, 2, 2, 2, 2, 2, 2, 3, 0], [0, 2, 0, 0, 0, 2, 0, 0, 0, 2, 0], [0, 2, 0, 2, 2, 2, 2, 2, 0, 2, 0], [0, 2, 2, 2, 0, 2, 0, 2, 2, 2, 0], [0, 0, 0, 2, 0, 2, 0, 2, 0, 0, 0], [0, 1, 5, 2, 2, 2, 2, 2, 2, 2, 0], [0, 1, 0, 2, 0, 0, 0, 2, 0, 2, 0], [0, 1, 0, 2, 0, 1, 0, 2, 0, 2, 0], [0, 1, 0, 2, 0, 4, 1, 2, 0, 2, 0], [0, 2, 0, 2, 0, 4, 1, 2, 0, 2, 0], [0, 2, 0, 2, 0, 1, 0, 2, 0, 2, 0], [0, 2, 0, 2, 0, 0, 0, 2, 0, 2, 0], [0, 2, 2, 2, 2, 2, 2, 2, 2, 2, 0], [0, 0, 0, 2, 0, 2, 0, 2, 0, 0, 0], [0, 2, 2, 2, 0, 2, 0, 2, 2, 2, 0], [0, 2, 0, 2, 2, 2, 2, 2, 0, 2, 0], [0, 2, 0, 0, 0, 2, 0, 0, 0, 2, 0], [0, 3, 2, 2, 2, 2, 2, 2, 2, 2, 0], [0, 0, 0, 0, 0, 0, 0, 0, 0, 0, 0]]"
2025-05-30T20:08:33.721797,0,West,45.0,False,False,False,"[[0, 0, 0, 0, 0, 0, 0, 0, 0, 0, 0], [0, 2, 2, 2, 2, 2, 2, 2, 2, 3, 0], [0, 2, 0, 0, 0, 2, 0, 0, 0, 2, 0], [0, 2, 0, 2, 2, 2, 2, 2, 0, 2, 0], [0, 2, 2, 2, 0, 2, 0, 2, 2, 2, 0], [0, 0, 0, 2, 0, 2, 0, 2, 0, 0, 0], [0, 1, 1, 5, 2, 2, 2, 2, 2, 2, 0], [0, 1, 0, 2, 0, 0, 0, 2, 0, 2, 0], [0, 1, 0, 2, 0, 1, 0, 2, 0, 2, 0], [0, 1, 0, 2, 0, 4, 1, 2, 0, 2, 0], [0, 2, 0, 2, 0, 4, 1, 2, 0, 2, 0], [0, 2, 0, 2, 0, 1, 0, 2, 0, 2, 0], [0, 2, 0, 2, 0, 0, 0, 2, 0, 2, 0], [0, 2, 2, 2, 2, 2, 2, 2, 2, 2, 0], [0, 0, 0, 2, 0, 2, 0, 2, 0, 0, 0], [0, 2, 2, 2, 0, 2, 0, 2, 2, 2, 0], [0, 2, 0, 2, 2, 2, 2, 2, 0, 2, 0], [0, 2, 0, 0, 0, 2, 0, 0, 0, 2, 0], [0, 3, 2, 2, 2, 2, 2, 2, 2, 2, 0], [0, 0, 0, 0, 0, 0, 0, 0, 0, 0, 0]]"
2025-05-30T20:08:33.725920,0,West,54.0,False,False,False,"[[0, 0, 0, 0, 0, 0, 0, 0, 0, 0, 0], [0, 2, 2, 2, 2, 2, 2, 2, 2, 3, 0], [0, 2, 0, 0, 0, 2, 0, 0, 0, 2, 0], [0, 2, 0, 2, 2, 2, 2, 2, 0, 2, 0], [0, 2, 2, 2, 0, 2, 0, 2, 2, 2, 0], [0, 0, 0, 5, 0, 2, 0, 2, 0, 0, 0], [0, 1, 1, 1, 2, 2, 2, 2, 2, 2, 0], [0, 1, 0, 2, 0, 0, 0, 2, 0, 2, 0], [0, 1, 0, 2, 0, 4, 0, 2, 0, 2, 0], [0, 1, 0, 2, 0, 1, 1, 2, 0, 2, 0], [0, 2, 0, 2, 0, 1, 4, 2, 0, 2, 0], [0, 2, 0, 2, 0, 1, 0, 2, 0, 2, 0], [0, 2, 0, 2, 0, 0, 0, 2, 0, 2, 0], [0, 2, 2, 2, 2, 2, 2, 2, 2, 2, 0], [0, 0, 0, 2, 0, 2, 0, 2, 0, 0, 0], [0, 2, 2, 2, 0, 2, 0, 2, 2, 2, 0], [0, 2, 0, 2, 2, 2, 2, 2, 0, 2, 0], [0, 2, 0, 0, 0, 2, 0, 0, 0, 2, 0], [0, 3, 2, 2, 2, 2, 2, 2, 2, 2, 0], [0, 0, 0, 0, 0, 0, 0, 0, 0, 0, 0]]"
2025-05-30T20:08:33.732940,0,West,63.0,False,False,False,"[[0, 0, 0, 0, 0, 0, 0, 0, 0, 0, 0], [0, 2, 2, 2, 2, 2, 2, 2, 2, 3, 0], [0, 2, 0, 0, 0, 2, 0, 0, 0, 2, 0], [0, 2, 0, 2, 2, 2, 2, 2, 0, 2, 0], [0, 2, 2, 5, 0, 2, 0, 2, 2, 2, 0], [0, 0, 0, 1, 0, 2, 0, 2, 0, 0, 0], [0, 1, 1, 1, 2, 2, 2, 2, 2, 2, 0], [0, 1, 0, 2, 0, 0, 0, 2, 0, 2, 0], [0, 1, 0, 2, 0, 1, 0, 2, 0, 2, 0], [0, 1, 0, 2, 0, 4, 4, 2, 0, 2, 0], [0, 2, 0, 2, 0, 1, 1, 2, 0, 2, 0], [0, 2, 0, 2, 0, 1, 0, 2, 0, 2, 0], [0, 2, 0, 2, 0, 0, 0, 2, 0, 2, 0], [0, 2, 2, 2, 2, 2, 2, 2, 2, 2, 0], [0, 0, 0, 2, 0, 2, 0, 2, 0, 0, 0], [0, 2, 2, 2, 0, 2, 0, 2, 2, 2, 0], [0, 2, 0, 2, 2, 2, 2, 2, 0, 2, 0], [0, 2, 0, 0, 0, 2, 0, 0, 0, 2, 0], [0, 3, 2, 2, 2, 2, 2, 2, 2, 2, 0], [0, 0, 0, 0, 0, 0, 0, 0, 0, 0, 0]]"
2025-05-30T20:08:33.736496,0,North,72.0,False,False,False,"[[0, 0, 0, 0, 0, 0, 0, 0, 0, 0, 0], [0, 2, 2, 2, 2, 2, 2, 2, 2, 3, 0], [0, 2, 0, 0, 0, 2, 0, 0, 0, 2, 0], [0, 2, 0, 5, 2, 2, 2, 2, 0, 2, 0], [0, 2, 2, 1, 0, 2, 0, 2, 2, 2, 0], [0, 0, 0, 1, 0, 2, 0, 2, 0, 0, 0], [0, 1, 1, 1, 2, 2, 2, 2, 2, 2, 0], [0, 1, 0, 2, 0, 0, 0, 2, 0, 2, 0], [0, 1, 0, 2, 0, 1, 0, 2, 0, 2, 0], [0, 1, 0, 2, 0, 4, 1, 2, 0, 2, 0], [0, 2, 0, 2, 0, 4, 1, 2, 0, 2, 0], [0, 2, 0, 2, 0, 1, 0, 2, 0, 2, 0], [0, 2, 0, 2, 0, 0, 0, 2, 0, 2, 0], [0, 2, 2, 2, 2, 2, 2, 2, 2, 2, 0], [0, 0, 0, 2, 0, 2, 0, 2, 0, 0, 0], [0, 2, 2, 2, 0, 2, 0, 2, 2, 2, 0], [0, 2, 0, 2, 2, 2, 2, 2, 0, 2, 0], [0, 2, 0, 0, 0, 2, 0, 0, 0, 2, 0], [0, 3, 2, 2, 2, 2, 2, 2, 2, 2, 0], [0, 0, 0, 0, 0, 0, 0, 0, 0, 0, 0]]"
2025-05-30T20:08:33.739372,0,North,81.0,False,False,False,"[[0, 0, 0, 0, 0, 0, 0, 0, 0, 0, 0], [0, 2, 2, 2, 2, 2, 2, 2, 2, 3, 0], [0, 2, 0, 0, 0, 2, 0, 0, 0, 2, 0], [0, 2, 0, 1, 5, 2, 2, 2, 0, 2, 0], [0, 2, 2, 1, 0, 2, 0, 2, 2, 2, 0], [0, 0, 0, 1, 0, 2, 0, 2, 0, 0, 0], [0, 1, 1, 1, 2, 2, 2, 2, 2, 2, 0], [0, 1, 0, 2, 0, 0, 0, 2, 0, 2, 0], [0, 1, 0, 2, 0, 4, 0, 2, 0, 2, 0], [0, 1, 0, 2, 0, 1, 1, 2, 0, 2, 0], [0, 2, 0, 2, 0, 1, 1, 2, 0, 2, 0], [0, 2, 0, 2, 0, 4, 0, 2, 0, 2, 0], [0, 2, 0, 2, 0, 0, 0, 2, 0, 2, 0], [0, 2, 2, 2, 2, 2, 2, 2, 2, 2, 0], [0, 0, 0, 2, 0, 2, 0, 2, 0, 0, 0], [0, 2, 2, 2, 0, 2, 0, 2, 2, 2, 0], [0, 2, 0, 2, 2, 2, 2, 2, 0, 2, 0], [0, 2, 0, 0, 0, 2, 0, 0, 0, 2, 0], [0, 3, 2, 2, 2, 2, 2, 2, 2, 2, 0], [0, 0, 0, 0, 0, 0, 0, 0, 0, 0, 0]]"
2025-05-30T20:08:33.750823,0,West,90.0,False,False,False,"[[0, 0, 0, 0, 0, 0, 0, 0, 0, 0, 0], [0, 2, 2, 2, 2, 2, 2, 2, 2, 3, 0], [0, 2, 0, 0, 0, 2, 0, 0, 0, 2, 0], [0, 2, 0, 1, 1, 5, 2, 2, 0, 2, 0], [0, 2, 2, 1, 0, 2, 0, 2, 2, 2, 0], [0, 0, 0, 1, 0, 2, 0, 2, 0, 0, 0], [0, 1, 1, 1, 2, 2, 2, 2, 2, 2, 0], [0, 1, 0, 2, 0, 0, 0, 2, 0, 2, 0], [0, 1, 0, 2, 0, 1, 0, 2, 0, 2, 0], [0, 1, 0, 2, 0, 4, 1, 2, 0, 2, 0], [0, 2, 0, 2, 0, 4, 1, 2, 0, 2, 0], [0, 2, 0, 2, 0, 1, 0, 2, 0, 2, 0], [0, 2, 0, 2, 0, 0, 0, 2, 0, 2, 0], [0, 2, 2, 2, 2, 2, 2, 2, 2, 2, 0], [0, 0, 0, 2, 0, 2, 0, 2, 0, 0, 0], [0, 2, 2, 2, 0, 2, 0, 2, 2, 2, 0], [0, 2, 0, 2, 2, 2, 2, 2, 0, 2, 0], [0, 2, 0, 0, 0, 2, 0, 0, 0, 2, 0], [0, 3, 2, 2, 2, 2, 2, 2, 2, 2, 0], [0, 0, 0, 0, 0, 0, 0, 0, 0, 0, 0]]"
2025-05-30T20:08:33.756222,0,West,99.0,False,False,False,"[[0, 0, 0, 0, 0, 0, 0, 0, 0, 0, 0], [0, 2, 2, 2, 2, 2, 2, 2, 2, 3, 0], [0, 2, 0, 0, 0, 5, 0, 0, 0, 2, 0], [0, 2, 0, 1, 1, 1, 2, 2, 0, 2, 0], [0, 2, 2, 1, 0, 2, 0, 2, 2, 2, 0], [0, 0, 0, 1, 0, 2, 0, 2, 0, 0, 0], [0, 1, 1, 1, 2, 2, 2, 2, 2, 2, 0], [0, 1, 0, 2, 0, 0, 0, 2, 0, 2, 0], [0, 1, 0, 2, 0, 1, 0, 2, 0, 2, 0], [0, 1, 0, 2, 0, 4, 4, 2, 0, 2, 0], [0, 2, 0, 2, 0, 1, 1, 2, 0, 2, 0], [0, 2, 0, 2, 0, 1, 0, 2, 0, 2, 0], [0, 2, 0, 2, 0, 0, 0, 2, 0, 2, 0], [0, 2, 2, 2, 2, 2, 2, 2, 2, 2, 0], [0, 0, 0, 2, 0, 2, 0, 2, 0, 0, 0], [0, 2, 2, 2, 0, 2, 0, 2, 2, 2, 0], [0, 2, 0, 2, 2, 2, 2, 2, 0, 2, 0], [0, 2, 0, 0, 0, 2, 0, 0, 0, 2, 0], [0, 3, 2, 2, 2, 2, 2, 2, 2, 2, 0], [0, 0, 0, 0, 0, 0, 0, 0, 0, 0, 0]]"
2025-05-30T20:08:33.760628,0,North,108.0,False,False,False,"[[0, 0, 0, 0, 0, 0, 0, 0, 0, 0, 0], [0, 2, 2, 2, 2, 5, 2, 2, 2, 3, 0], [0, 2, 0, 0, 0, 1, 0, 0, 0, 2, 0], [0, 2, 0, 1, 1, 1, 2, 2, 0, 2, 0], [0, 2, 2, 1, 0, 2, 0, 2, 2, 2, 0], [0, 0, 0, 1, 0, 2, 0, 2, 0, 0, 0], [0, 1, 1, 1, 2, 2, 2, 2, 2, 2, 0], [0, 1, 0, 2, 0, 0, 0, 2, 0, 2, 0], [0, 1, 0, 2, 0, 4, 0, 2, 0, 2, 0], [0, 1, 0, 2, 0, 1, 1, 4, 0, 2, 0], [0, 2, 0, 2, 0, 1, 1, 2, 0, 2, 0], [0, 2, 0, 2, 0, 1, 0, 2, 0, 2, 0], [0, 2, 0, 2, 0, 0, 0, 2, 0, 2, 0], [0, 2, 2, 2, 2, 2, 2, 2, 2, 2, 0], [0, 0, 0, 2, 0, 2, 0, 2, 0, 0, 0], [0, 2, 2, 2, 0, 2, 0, 2, 2, 2, 0], [0, 2, 0, 2, 2, 2, 2, 2, 0, 2, 0], [0, 2, 0, 0, 0, 2, 0, 0, 0, 2, 0], [0, 3, 2, 2, 2, 2, 2, 2, 2, 2, 0], [0, 0, 0, 0, 0, 0, 0, 0, 0, 0, 0]]"
2025-05-30T20:08:33.763555,0,North,117.0,False,False,False,"[[0, 0, 0, 0, 0, 0, 0, 0, 0, 0, 0], [0, 2, 2, 2, 2, 1, 5, 2, 2, 3, 0], [0, 2, 0, 0, 0, 1, 0, 0, 0, 2, 0], [0, 2, 0, 1, 1, 1, 2, 2, 0, 2, 0], [0, 2, 2, 1, 0, 2, 0, 2, 2, 2, 0], [0, 0, 0, 1, 0, 2, 0, 2, 0, 0, 0], [0, 1, 1, 1, 2, 2, 2, 2, 2, 2, 0], [0, 1, 0, 2, 0, 0, 0, 2, 0, 2, 0], [0, 1, 0, 2, 0, 1, 0, 4, 0, 2, 0], [0, 1, 0, 2, 0, 4, 1, 2, 0, 2, 0], [0, 2, 0, 2, 0, 1, 1, 2, 0, 2, 0], [0, 2, 0, 2, 0, 1, 0, 2, 0, 2, 0], [0, 2, 0, 2, 0, 0, 0, 2, 0, 2, 0], [0, 2, 2, 2, 2, 2, 2, 2, 2, 2, 0], [0, 0, 0, 2, 0, 2, 0, 2, 0, 0, 0], [0, 2, 2, 2, 0, 2, 0, 2, 2, 2, 0], [0, 2, 0, 2, 2, 2, 2, 2, 0, 2, 0], [0, 2, 0, 0, 0, 2, 0, 0, 0, 2, 0], [0, 3, 2, 2, 2, 2, 2, 2, 2, 2, 0], [0, 0, 0, 0, 0, 0, 0, 0, 0, 0, 0]]"
2025-05-30T20:08:33.768455,0,North,126.0,False,False,False,"[[0, 0, 0, 0, 0, 0, 0, 0, 0, 0, 0], [0, 2, 2, 2, 2, 1, 1, 5, 2, 3, 0], [0, 2, 0, 0, 0, 1, 0, 0, 0, 2, 0], [0, 2, 0, 1, 1, 1, 2, 2, 0, 2, 0], [0, 2, 2, 1, 0, 2, 0, 2, 2, 2, 0], [0, 0, 0, 1, 0, 2, 0, 2, 0, 0, 0], [0, 1, 1, 1, 2, 2, 2, 2, 2, 2, 0], [0, 1, 0, 2, 0, 0, 0, 4, 0, 2, 0], [0, 1, 0, 2, 0, 1, 0, 2, 0, 2, 0], [0, 1, 0, 2, 0, 1, 4, 2, 0, 2, 0], [0, 2, 0, 2, 0, 1, 1, 2, 0, 2, 0], [0, 2, 0, 2, 0, 1, 0, 2, 0, 2, 0], [0, 2, 0, 2, 0, 0, 0, 2, 0, 2, 0], [0, 2, 2, 2, 2, 2, 2, 2, 2, 2, 0], [0, 0, 0, 2, 0, 2, 0, 2, 0, 0, 0], [0, 2, 2, 2, 0, 2, 0, 2, 2, 2, 0], [0, 2, 0, 2, 2, 2, 2, 2, 0, 2, 0], [0, 2, 0, 0, 0, 2, 0, 0, 0, 2, 0], [0, 3, 2, 2, 2, 2, 2, 2, 2, 2, 0], [0, 0, 0, 0, 0, 0, 0, 0, 0, 0, 0]]"
2025-05-30T20:08:33.775653,0,North,135.0,False,False,False,"[[0, 0, 0, 0, 0, 0, 0, 0, 0, 0, 0], [0, 2, 2, 2, 2, 1, 1, 1, 5, 3, 0], [0, 2, 0, 0, 0, 1, 0, 0, 0, 2, 0], [0, 2, 0, 1, 1, 1, 2, 2, 0, 2, 0], [0, 2, 2, 1, 0, 2, 0, 2, 2, 2, 0], [0, 0, 0, 1, 0, 2, 0, 2, 0, 0, 0], [0, 1, 1, 1, 2, 2, 2, 4, 2, 2, 0], [0, 1, 0, 2, 0, 0, 0, 2, 0, 2, 0], [0, 1, 0, 2, 0, 1, 0, 2, 0, 2, 0], [0, 1, 0, 2, 0, 1, 1, 2, 0, 2, 0], [0, 2, 0, 2, 0, 1, 4, 2, 0, 2, 0], [0, 2, 0, 2, 0, 1, 0, 2, 0, 2, 0], [0, 2, 0, 2, 0, 0, 0, 2, 0, 2, 0], [0, 2, 2, 2, 2, 2, 2, 2, 2, 2, 0], [0, 0, 0, 2, 0, 2, 0, 2, 0, 0, 0], [0, 2, 2, 2, 0, 2, 0, 2, 2, 2, 0], [0, 2, 0, 2, 2, 2, 2, 2, 0, 2, 0], [0, 2, 0, 0, 0, 2, 0, 0, 0, 2, 0], [0, 3, 2, 2, 2, 2, 2, 2, 2, 2, 0], [0, 0, 0, 0, 0, 0, 0, 0, 0, 0, 0]]"
2025-05-30T20:08:33.777873,0,East,134.0,False,False,False,"[[0, 0, 0, 0, 0, 0, 0, 0, 0, 0, 0], [0, 2, 2, 2, 2, 1, 1, 1, 1, 5, 0], [0, 2, 0, 0, 0, 1, 0, 0, 0, 2, 0], [0, 2, 0, 1, 1, 1, 2, 2, 0, 2, 0], [0, 2, 2, 1, 0, 2, 0, 2, 2, 2, 0], [0, 0, 0, 1, 0, 2, 0, 2, 0, 0, 0], [0, 1, 1, 1, 2, 2, 4, 2, 2, 2, 0], [0, 1, 0, 2, 0, 0, 0, 2, 0, 2, 0], [0, 1, 0, 2, 0, 1, 0, 2, 0, 2, 0], [0, 1, 0, 2, 0, 1, 1, 2, 0, 2, 0], [0, 2, 0, 2, 0, 4, 1, 2, 0, 2, 0], [0, 2, 0, 2, 0, 1, 0, 2, 0, 2, 0], [0, 2, 0, 2, 0, 0, 0, 2, 0, 2, 0], [0, 2, 2, 2, 2, 2, 2, 2, 2, 2, 0], [0, 0, 0, 2, 0, 2, 0, 2, 0, 0, 0], [0, 2, 2, 2, 0, 2, 0, 2, 2, 2, 0], [0, 2, 0, 2, 2, 2, 2, 2, 0, 2, 0], [0, 2, 0, 0, 0, 2, 0, 0, 0, 2, 0], [0, 3, 2, 2, 2, 2, 2, 2, 2, 2, 0], [0, 0, 0, 0, 0, 0, 0, 0, 0, 0, 0]]"
2025-05-30T20:08:33.780270,0,East,143.0,False,False,False,"[[0, 0, 0, 0, 0, 0, 0, 0, 0, 0, 0], [0, 2, 2, 2, 2, 1, 1, 1, 1, 1, 0], [0, 2, 0, 0, 0, 1, 0, 0, 0, 5, 0], [0, 2, 0, 1, 1, 1, 2, 2, 0, 2, 0], [0, 2, 2, 1, 0, 2, 0, 2, 2, 2, 0], [0, 0, 0, 1, 0, 2, 0, 2, 0, 0, 0], [0, 1, 1, 1, 2, 2, 4, 2, 2, 2, 0], [0, 1, 0, 2, 0, 0, 0, 2, 0, 2, 0], [0, 1, 0, 2, 0, 1, 0, 2, 0, 2, 0], [0, 1, 0, 2, 0, 1, 1, 2, 0, 2, 0], [0, 2, 0, 2, 0, 4, 1, 2, 0, 2, 0], [0, 2, 0, 2, 0, 1, 0, 2, 0, 2, 0], [0, 2, 0, 2, 0, 0, 0, 2, 0, 2, 0], [0, 2, 2, 2, 2, 2, 2, 2, 2, 2, 0], [0, 0, 0, 2, 0, 2, 0, 2, 0, 0, 0], [0, 2, 2, 2, 0, 2, 0, 2, 2, 2, 0], [0, 2, 0, 2, 2, 2, 2, 2, 0, 2, 0], [0, 2, 0, 0, 0, 2, 0, 0, 0, 2, 0], [0, 3, 2, 2, 2, 2, 2, 2, 2, 2, 0], [0, 0, 0, 0, 0, 0, 0, 0, 0, 0, 0]]"
2025-05-30T20:08:33.783221,0,East,152.0,False,False,False,"[[0, 0, 0, 0, 0, 0, 0, 0, 0, 0, 0], [0, 2, 2, 2, 2, 1, 1, 1, 1, 1, 0], [0, 2, 0, 0, 0, 1, 0, 0, 0, 1, 0], [0, 2, 0, 1, 1, 1, 2, 2, 0, 5, 0], [0, 2, 2, 1, 0, 2, 0, 2, 2, 2, 0], [0, 0, 0, 1, 0, 2, 0, 2, 0, 0, 0], [0, 1, 1, 1, 2, 4, 2, 2, 2, 2, 0], [0, 1, 0, 2, 0, 0, 0, 2, 0, 2, 0], [0, 1, 0, 2, 0, 1, 0, 2, 0, 2, 0], [0, 1, 0, 2, 0, 4, 1, 2, 0, 2, 0], [0, 2, 0, 2, 0, 1, 1, 2, 0, 2, 0], [0, 2, 0, 2, 0, 1, 0, 2, 0, 2, 0], [0, 2, 0, 2, 0, 0, 0, 2, 0, 2, 0], [0, 2, 2, 2, 2, 2, 2, 2, 2, 2, 0], [0, 0, 0, 2, 0, 2, 0, 2, 0, 0, 0], [0, 2, 2, 2, 0, 2, 0, 2, 2, 2, 0], [0, 2, 0, 2, 2, 2, 2, 2, 0, 2, 0], [0, 2, 0, 0, 0, 2, 0, 0, 0, 2, 0], [0, 3, 2, 2, 2, 2, 2, 2, 2, 2, 0], [0, 0, 0, 0, 0, 0, 0, 0, 0, 0, 0]]"
2025-05-30T20:08:33.786680,0,South,161.0,False,False,False,"[[0, 0, 0, 0, 0, 0, 0, 0, 0, 0, 0], [0, 2, 2, 2, 2, 1, 1, 1, 1, 1, 0], [0, 2, 0, 0, 0, 1, 0, 0, 0, 1, 0], [0, 2, 0, 1, 1, 1, 2, 2, 0, 1, 0], [0, 2, 2, 1, 0, 2, 0, 2, 2, 5, 0], [0, 0, 0, 1, 0, 2, 0, 2, 0, 0, 0], [0, 1, 1, 1, 2, 4, 2, 2, 2, 2, 0], [0, 1, 0, 2, 0, 0, 0, 2, 0, 2, 0], [0, 1, 0, 2, 0, 1, 0, 2, 0, 2, 0], [0, 1, 0, 2, 0, 4, 1, 2, 0, 2, 0], [0, 2, 0, 2, 0, 1, 1, 2, 0, 2, 0], [0, 2, 0, 2, 0, 1, 0, 2, 0, 2, 0], [0, 2, 0, 2, 0, 0, 0, 2, 0, 2, 0], [0, 2, 2, 2, 2, 2, 2, 2, 2, 2, 0], [0, 0, 0, 2, 0, 2, 0, 2, 0, 0, 0], [0, 2, 2, 2, 0, 2, 0, 2, 2, 2, 0], [0, 2, 0, 2, 2, 2, 2, 2, 0, 2, 0], [0, 2, 0, 0, 0, 2, 0, 0, 0, 2, 0], [0, 3, 2, 2, 2, 2, 2, 2, 2, 2, 0], [0, 0, 0, 0, 0, 0, 0, 0, 0, 0, 0]]"
2025-05-30T20:08:33.789041,0,South,170.0,False,False,False,"[[0, 0, 0, 0, 0, 0, 0, 0, 0, 0, 0], [0, 2, 2, 2, 2, 1, 1, 1, 1, 1, 0], [0, 2, 0, 0, 0, 1, 0, 0, 0, 1, 0], [0, 2, 0, 1, 1, 1, 2, 2, 0, 1, 0], [0, 2, 2, 1, 0, 2, 0, 2, 5, 1, 0], [0, 0, 0, 1, 0, 2, 0, 2, 0, 0, 0], [0, 1, 1, 1, 4, 2, 2, 2, 2, 2, 0], [0, 1, 0, 2, 0, 0, 0, 2, 0, 2, 0], [0, 1, 0, 2, 0, 1, 0, 2, 0, 2, 0], [0, 1, 0, 2, 0, 4, 1, 2, 0, 2, 0], [0, 2, 0, 2, 0, 1, 1, 2, 0, 2, 0], [0, 2, 0, 2, 0, 1, 0, 2, 0, 2, 0], [0, 2, 0, 2, 0, 0, 0, 2, 0, 2, 0], [0, 2, 2, 2, 2, 2, 2, 2, 2, 2, 0], [0, 0, 0, 2, 0, 2, 0, 2, 0, 0, 0], [0, 2, 2, 2, 0, 2, 0, 2, 2, 2, 0], [0, 2, 0, 2, 2, 2, 2, 2, 0, 2, 0], [0, 2, 0, 0, 0, 2, 0, 0, 0, 2, 0], [0, 3, 2, 2, 2, 2, 2, 2, 2, 2, 0], [0, 0, 0, 0, 0, 0, 0, 0, 0, 0, 0]]"
2025-05-30T20:08:33.792590,0,West,179.0,False,False,False,"[[0, 0, 0, 0, 0, 0, 0, 0, 0, 0, 0], [0, 2, 2, 2, 2, 1, 1, 1, 1, 1, 0], [0, 2, 0, 0, 0, 1, 0, 0, 0, 1, 0], [0, 2, 0, 1, 1, 1, 2, 2, 0, 1, 0], [0, 2, 2, 1, 0, 2, 0, 5, 1, 1, 0], [0, 0, 0, 1, 0, 2, 0, 2, 0, 0, 0], [0, 1, 1, 1, 4, 2, 2, 2, 2, 2, 0], [0, 1, 0, 2, 0, 0, 0, 2, 0, 2, 0], [0, 1, 0, 2, 0, 1, 0, 2, 0, 2, 0], [0, 1, 0, 2, 0, 1, 4, 2, 0, 2, 0], [0, 2, 0, 2, 0, 1, 1, 2, 0, 2, 0], [0, 2, 0, 2, 0, 1, 0, 2, 0, 2, 0], [0, 2, 0, 2, 0, 0, 0, 2, 0, 2, 0], [0, 2, 2, 2, 2, 2, 2, 2, 2, 2, 0], [0, 0, 0, 2, 0, 2, 0, 2, 0, 0, 0], [0, 2, 2, 2, 0, 2, 0, 2, 2, 2, 0], [0, 2, 0, 2, 2, 2, 2, 2, 0, 2, 0], [0, 2, 0, 0, 0, 2, 0, 0, 0, 2, 0], [0, 3, 2, 2, 2, 2, 2, 2, 2, 2, 0], [0, 0, 0, 0, 0, 0, 0, 0, 0, 0, 0]]"
2025-05-30T20:08:33.795926,0,South,188.0,False,False,False,"[[0, 0, 0, 0, 0, 0, 0, 0, 0, 0, 0], [0, 2, 2, 2, 2, 1, 1, 1, 1, 1, 0], [0, 2, 0, 0, 0, 1, 0, 0, 0, 1, 0], [0, 2, 0, 1, 1, 1, 2, 5, 0, 1, 0], [0, 2, 2, 1, 0, 2, 0, 1, 1, 1, 0], [0, 0, 0, 1, 0, 2, 0, 2, 0, 0, 0], [0, 1, 1, 4, 2, 2, 2, 2, 2, 2, 0], [0, 1, 0, 2, 0, 0, 0, 2, 0, 2, 0], [0, 1, 0, 2, 0, 1, 0, 2, 0, 2, 0], [0, 1, 0, 2, 0, 1, 4, 2, 0, 2, 0], [0, 2, 0, 2, 0, 1, 1, 2, 0, 2, 0], [0, 2, 0, 2, 0, 1, 0, 2, 0, 2, 0], [0, 2, 0, 2, 0, 0, 0, 2, 0, 2, 0], [0, 2, 2, 2, 2, 2, 2, 2, 2, 2, 0], [0, 0, 0, 2, 0, 2, 0, 2, 0, 0, 0], [0, 2, 2, 2, 0, 2, 0, 2, 2, 2, 0], [0, 2, 0, 2, 2, 2, 2, 2, 0, 2, 0], [0, 2, 0, 0, 0, 2, 0, 0, 0, 2, 0], [0, 3, 2, 2, 2, 2, 2, 2, 2, 2, 0], [0, 0, 0, 0, 0, 0, 0, 0, 0, 0, 0]]"
2025-05-30T20:08:33.805534,0,South,197.0,False,False,False,"[[0, 0, 0, 0, 0, 0, 0, 0, 0, 0, 0], [0, 2, 2, 2, 2, 1, 1, 1, 1, 1, 0], [0, 2, 0, 0, 0, 1, 0, 0, 0, 1, 0], [0, 2, 0, 1, 1, 1, 5, 1, 0, 1, 0], [0, 2, 2, 1, 0, 2, 0, 1, 1, 1, 0], [0, 0, 0, 1, 0, 2, 0, 2, 0, 0, 0], [0, 1, 1, 4, 2, 2, 2, 2, 2, 2, 0], [0, 1, 0, 2, 0, 0, 0, 2, 0, 2, 0], [0, 1, 0, 2, 0, 1, 0, 2, 0, 2, 0], [0, 1, 0, 2, 0, 1, 1, 2, 0, 2, 0], [0, 2, 0, 2, 0, 1, 4, 2, 0, 2, 0], [0, 2, 0, 2, 0, 1, 0, 2, 0, 2, 0], [0, 2, 0, 2, 0, 0, 0, 2, 0, 2, 0], [0, 2, 2, 2, 2, 2, 2, 2, 2, 2, 0], [0, 0, 0, 2, 0, 2, 0, 2, 0, 0, 0], [0, 2, 2, 2, 0, 2, 0, 2, 2, 2, 0], [0, 2, 0, 2, 2, 2, 2, 2, 0, 2, 0], [0, 2, 0, 0, 0, 2, 0, 0, 0, 2, 0], [0, 3, 2, 2, 2, 2, 2, 2, 2, 2, 0], [0, 0, 0, 0, 0, 0, 0, 0, 0, 0, 0]]"
2025-05-30T20:08:33.809216,0,East,196.0,False,False,False,"[[0, 0, 0, 0, 0, 0, 0, 0, 0, 0, 0], [0, 2, 2, 2, 2, 1, 1, 1, 1, 1, 0], [0, 2, 0, 0, 0, 1, 0, 0, 0, 1, 0], [0, 2, 0, 1, 1, 5, 1, 1, 0, 1, 0], [0, 2, 2, 1, 0, 2, 0, 1, 1, 1, 0], [0, 0, 0, 1, 0, 2, 0, 2, 0, 0, 0], [0, 1, 1, 4, 2, 2, 2, 2, 2, 2, 0], [0, 1, 0, 2, 0, 0, 0, 2, 0, 2, 0], [0, 1, 0, 2, 0, 1, 0, 2, 0, 2, 0], [0, 1, 0, 2, 0, 1, 1, 2, 0, 2, 0], [0, 2, 0, 2, 0, 1, 4, 2, 0, 2, 0], [0, 2, 0, 2, 0, 1, 0, 2, 0, 2, 0], [0, 2, 0, 2, 0, 0, 0, 2, 0, 2, 0], [0, 2, 2, 2, 2, 2, 2, 2, 2, 2, 0], [0, 0, 0, 2, 0, 2, 0, 2, 0, 0, 0], [0, 2, 2, 2, 0, 2, 0, 2, 2, 2, 0], [0, 2, 0, 2, 2, 2, 2, 2, 0, 2, 0], [0, 2, 0, 0, 0, 2, 0, 0, 0, 2, 0], [0, 3, 2, 2, 2, 2, 2, 2, 2, 2, 0], [0, 0, 0, 0, 0, 0, 0, 0, 0, 0, 0]]"
2025-05-30T20:08:33.812455,0,East,205.0,False,False,False,"[[0, 0, 0, 0, 0, 0, 0, 0, 0, 0, 0], [0, 2, 2, 2, 2, 1, 1, 1, 1, 1, 0], [0, 2, 0, 0, 0, 1, 0, 0, 0, 1, 0], [0, 2, 0, 1, 1, 1, 1, 1, 0, 1, 0], [0, 2, 2, 1, 0, 5, 0, 1, 1, 1, 0], [0, 0, 0, 1, 0, 2, 0, 2, 0, 0, 0], [0, 1, 1, 1, 2, 2, 2, 2, 2, 2, 0], [0, 1, 0, 4, 0, 0, 0, 2, 0, 2, 0], [0, 1, 0, 2, 0, 1, 0, 2, 0, 2, 0], [0, 1, 0, 2, 0, 1, 1, 2, 0, 2, 0], [0, 2, 0, 2, 0, 1, 1, 4, 0, 2, 0], [0, 2, 0, 2, 0, 1, 0, 2, 0, 2, 0], [0, 2, 0, 2, 0, 0, 0, 2, 0, 2, 0], [0, 2, 2, 2, 2, 2, 2, 2, 2, 2, 0], [0, 0, 0, 2, 0, 2, 0, 2, 0, 0, 0], [0, 2, 2, 2, 0, 2, 0, 2, 2, 2, 0], [0, 2, 0, 2, 2, 2, 2, 2, 0, 2, 0], [0, 2, 0, 0, 0, 2, 0, 0, 0, 2, 0], [0, 3, 2, 2, 2, 2, 2, 2, 2, 2, 0], [0, 0, 0, 0, 0, 0, 0, 0, 0, 0, 0]]"
2025-05-30T20:08:33.814599,0,East,214.0,False,False,False,"[[0, 0, 0, 0, 0, 0, 0, 0, 0, 0, 0], [0, 2, 2, 2, 2, 1, 1, 1, 1, 1, 0], [0, 2, 0, 0, 0, 1, 0, 0, 0, 1, 0], [0, 2, 0, 1, 1, 1, 1, 1, 0, 1, 0], [0, 2, 2, 1, 0, 1, 0, 1, 1, 1, 0], [0, 0, 0, 1, 0, 5, 0, 2, 0, 0, 0], [0, 1, 1, 1, 2, 2, 2, 2, 2, 2, 0], [0, 1, 0, 4, 0, 0, 0, 2, 0, 2, 0], [0, 1, 0, 2, 0, 1, 0, 2, 0, 2, 0], [0, 1, 0, 2, 0, 1, 1, 2, 0, 2, 0], [0, 2, 0, 2, 0, 1, 1, 4, 0, 2, 0], [0, 2, 0, 2, 0, 1, 0, 2, 0, 2, 0], [0, 2, 0, 2, 0, 0, 0, 2, 0, 2, 0], [0, 2, 2, 2, 2, 2, 2, 2, 2, 2, 0], [0, 0, 0, 2, 0, 2, 0, 2, 0, 0, 0], [0, 2, 2, 2, 0, 2, 0, 2, 2, 2, 0], [0, 2, 0, 2, 2, 2, 2, 2, 0, 2, 0], [0, 2, 0, 0, 0, 2, 0, 0, 0, 2, 0], [0, 3, 2, 2, 2, 2, 2, 2, 2, 2, 0], [0, 0, 0, 0, 0, 0, 0, 0, 0, 0, 0]]"
2025-05-30T20:08:33.817372,0,North,223.0,False,False,False,"[[0, 0, 0, 0, 0, 0, 0, 0, 0, 0, 0], [0, 2, 2, 2, 2, 1, 1, 1, 1, 1, 0], [0, 2, 0, 0, 0, 1, 0, 0, 0, 1, 0], [0, 2, 0, 1, 1, 1, 1, 1, 0, 1, 0], [0, 2, 2, 1, 0, 1, 0, 1, 1, 1, 0], [0, 0, 0, 1, 0, 1, 0, 2, 0, 0, 0], [0, 1, 1, 1, 2, 5, 2, 2, 2, 2, 0], [0, 1, 0, 2, 0, 0, 0, 2, 0, 2, 0], [0, 1, 0, 4, 0, 1, 0, 2, 0, 2, 0], [0, 1, 0, 2, 0, 1, 1, 2, 0, 2, 0], [0, 2, 0, 2, 0, 1, 1, 2, 0, 2, 0], [0, 2, 0, 2, 0, 1, 0, 4, 0, 2, 0], [0, 2, 0, 2, 0, 0, 0, 2, 0, 2, 0], [0, 2, 2, 2, 2, 2, 2, 2, 2, 2, 0], [0, 0, 0, 2, 0, 2, 0, 2, 0, 0, 0], [0, 2, 2, 2, 0, 2, 0, 2, 2, 2, 0], [0, 2, 0, 2, 2, 2, 2, 2, 0, 2, 0], [0, 2, 0, 0, 0, 2, 0, 0, 0, 2, 0], [0, 3, 2, 2, 2, 2, 2, 2, 2, 2, 0], [0, 0, 0, 0, 0, 0, 0, 0, 0, 0, 0]]"
2025-05-30T20:08:33.820214,0,North,232.0,False,False,False,"[[0, 0, 0, 0, 0, 0, 0, 0, 0, 0, 0], [0, 2, 2, 2, 2, 1, 1, 1, 1, 1, 0], [0, 2, 0, 0, 0, 1, 0, 0, 0, 1, 0], [0, 2, 0, 1, 1, 1, 1, 1, 0, 1, 0], [0, 2, 2, 1, 0, 1, 0, 1, 1, 1, 0], [0, 0, 0, 1, 0, 1, 0, 2, 0, 0, 0], [0, 1, 1, 1, 2, 1, 5, 2, 2, 2, 0], [0, 1, 0, 2, 0, 0, 0, 2, 0, 2, 0], [0, 1, 0, 4, 0, 1, 0, 2, 0, 2, 0], [0, 1, 0, 2, 0, 1, 1, 2, 0, 2, 0], [0, 2, 0, 2, 0, 1, 1, 2, 0, 2, 0], [0, 2, 0, 2, 0, 1, 0, 4, 0, 2, 0], [0, 2, 0, 2, 0, 0, 0, 2, 0, 2, 0], [0, 2, 2, 2, 2, 2, 2, 2, 2, 2, 0], [0, 0, 0, 2, 0, 2, 0, 2, 0, 0, 0], [0, 2, 2, 2, 0, 2, 0, 2, 2, 2, 0], [0, 2, 0, 2, 2, 2, 2, 2, 0, 2, 0], [0, 2, 0, 0, 0, 2, 0, 0, 0, 2, 0], [0, 3, 2, 2, 2, 2, 2, 2, 2, 2, 0], [0, 0, 0, 0, 0, 0, 0, 0, 0, 0, 0]]"
2025-05-30T20:08:33.823686,0,East,241.0,False,False,False,"[[0, 0, 0, 0, 0, 0, 0, 0, 0, 0, 0], [0, 2, 2, 2, 2, 1, 1, 1, 1, 1, 0], [0, 2, 0, 0, 0, 1, 0, 0, 0, 1, 0], [0, 2, 0, 1, 1, 1, 1, 1, 0, 1, 0], [0, 2, 2, 1, 0, 1, 0, 1, 1, 1, 0], [0, 0, 0, 1, 0, 1, 0, 2, 0, 0, 0], [0, 1, 1, 1, 2, 1, 1, 5, 2, 2, 0], [0, 1, 0, 2, 0, 0, 0, 2, 0, 2, 0], [0, 1, 0, 2, 0, 1, 0, 2, 0, 2, 0], [0, 1, 0, 4, 0, 1, 1, 2, 0, 2, 0], [0, 2, 0, 2, 0, 1, 1, 2, 0, 2, 0], [0, 2, 0, 2, 0, 1, 0, 2, 0, 2, 0], [0, 2, 0, 2, 0, 0, 0, 4, 0, 2, 0], [0, 2, 2, 2, 2, 2, 2, 2, 2, 2, 0], [0, 0, 0, 2, 0, 2, 0, 2, 0, 0, 0], [0, 2, 2, 2, 0, 2, 0, 2, 2, 2, 0], [0, 2, 0, 2, 2, 2, 2, 2, 0, 2, 0], [0, 2, 0, 0, 0, 2, 0, 0, 0, 2, 0], [0, 3, 2, 2, 2, 2, 2, 2, 2, 2, 0], [0, 0, 0, 0, 0, 0, 0, 0, 0, 0, 0]]"
2025-05-30T20:08:33.826976,0,East,250.0,False,False,False,"[[0, 0, 0, 0, 0, 0, 0, 0, 0, 0, 0], [0, 2, 2, 2, 2, 1, 1, 1, 1, 1, 0], [0, 2, 0, 0, 0, 1, 0, 0, 0, 1, 0], [0, 2, 0, 1, 1, 1, 1, 1, 0, 1, 0], [0, 2, 2, 1, 0, 1, 0, 1, 1, 1, 0], [0, 0, 0, 1, 0, 1, 0, 2, 0, 0, 0], [0, 1, 1, 1, 2, 1, 1, 1, 2, 2, 0], [0, 1, 0, 2, 0, 0, 0, 5, 0, 2, 0], [0, 1, 0, 2, 0, 1, 0, 2, 0, 2, 0], [0, 1, 0, 4, 0, 1, 1, 2, 0, 2, 0], [0, 2, 0, 2, 0, 1, 1, 2, 0, 2, 0], [0, 2, 0, 2, 0, 1, 0, 2, 0, 2, 0], [0, 2, 0, 2, 0, 0, 0, 4, 0, 2, 0], [0, 2, 2, 2, 2, 2, 2, 2, 2, 2, 0], [0, 0, 0, 2, 0, 2, 0, 2, 0, 0, 0], [0, 2, 2, 2, 0, 2, 0, 2, 2, 2, 0], [0, 2, 0, 2, 2, 2, 2, 2, 0, 2, 0], [0, 2, 0, 0, 0, 2, 0, 0, 0, 2, 0], [0, 3, 2, 2, 2, 2, 2, 2, 2, 2, 0], [0, 0, 0, 0, 0, 0, 0, 0, 0, 0, 0]]"
2025-05-30T20:08:33.830072,0,East,259.0,False,False,False,"[[0, 0, 0, 0, 0, 0, 0, 0, 0, 0, 0], [0, 2, 2, 2, 2, 1, 1, 1, 1, 1, 0], [0, 2, 0, 0, 0, 1, 0, 0, 0, 1, 0], [0, 2, 0, 1, 1, 1, 1, 1, 0, 1, 0], [0, 2, 2, 1, 0, 1, 0, 1, 1, 1, 0], [0, 0, 0, 1, 0, 1, 0, 2, 0, 0, 0], [0, 1, 1, 1, 2, 1, 1, 1, 2, 2, 0], [0, 1, 0, 2, 0, 0, 0, 1, 0, 2, 0], [0, 1, 0, 2, 0, 1, 0, 5, 0, 2, 0], [0, 1, 0, 2, 0, 1, 1, 2, 0, 2, 0], [0, 2, 0, 4, 0, 1, 1, 2, 0, 2, 0], [0, 2, 0, 2, 0, 1, 0, 2, 0, 2, 0], [0, 2, 0, 2, 0, 0, 0, 2, 0, 2, 0], [0, 2, 2, 2, 2, 2, 2, 4, 2, 2, 0], [0, 0, 0, 2, 0, 2, 0, 2, 0, 0, 0], [0, 2, 2, 2, 0, 2, 0, 2, 2, 2, 0], [0, 2, 0, 2, 2, 2, 2, 2, 0, 2, 0], [0, 2, 0, 0, 0, 2, 0, 0, 0, 2, 0], [0, 3, 2, 2, 2, 2, 2, 2, 2, 2, 0], [0, 0, 0, 0, 0, 0, 0, 0, 0, 0, 0]]"
2025-05-30T20:08:33.832897,0,East,268.0,False,False,False,"[[0, 0, 0, 0, 0, 0, 0, 0, 0, 0, 0], [0, 2, 2, 2, 2, 1, 1, 1, 1, 1, 0], [0, 2, 0, 0, 0, 1, 0, 0, 0, 1, 0], [0, 2, 0, 1, 1, 1, 1, 1, 0, 1, 0], [0, 2, 2, 1, 0, 1, 0, 1, 1, 1, 0], [0, 0, 0, 1, 0, 1, 0, 2, 0, 0, 0], [0, 1, 1, 1, 2, 1, 1, 1, 2, 2, 0], [0, 1, 0, 2, 0, 0, 0, 1, 0, 2, 0], [0, 1, 0, 2, 0, 1, 0, 1, 0, 2, 0], [0, 1, 0, 2, 0, 1, 1, 5, 0, 2, 0], [0, 2, 0, 4, 0, 1, 1, 2, 0, 2, 0], [0, 2, 0, 2, 0, 1, 0, 2, 0, 2, 0], [0, 2, 0, 2, 0, 0, 0, 2, 0, 2, 0], [0, 2, 2, 2, 2, 2, 4, 2, 2, 2, 0], [0, 0, 0, 2, 0, 2, 0, 2, 0, 0, 0], [0, 2, 2, 2, 0, 2, 0, 2, 2, 2, 0], [0, 2, 0, 2, 2, 2, 2, 2, 0, 2, 0], [0, 2, 0, 0, 0, 2, 0, 0, 0, 2, 0], [0, 3, 2, 2, 2, 2, 2, 2, 2, 2, 0], [0, 0, 0, 0, 0, 0, 0, 0, 0, 0, 0]]"
2025-05-30T20:08:33.835770,0,East,277.0,False,False,False,"[[0, 0, 0, 0, 0, 0, 0, 0, 0, 0, 0], [0, 2, 2, 2, 2, 1, 1, 1, 1, 1, 0], [0, 2, 0, 0, 0, 1, 0, 0, 0, 1, 0], [0, 2, 0, 1, 1, 1, 1, 1, 0, 1, 0], [0, 2, 2, 1, 0, 1, 0, 1, 1, 1, 0], [0, 0, 0, 1, 0, 1, 0, 2, 0, 0, 0], [0, 1, 1, 1, 2, 1, 1, 1, 2, 2, 0], [0, 1, 0, 2, 0, 0, 0, 1, 0, 2, 0], [0, 1, 0, 2, 0, 1, 0, 1, 0, 2, 0], [0, 1, 0, 2, 0, 1, 1, 1, 0, 2, 0], [0, 2, 0, 2, 0, 1, 1, 5, 0, 2, 0], [0, 2, 0, 4, 0, 1, 0, 2, 0, 2, 0], [0, 2, 0, 2, 0, 0, 0, 2, 0, 2, 0], [0, 2, 2, 2, 2, 2, 4, 2, 2, 2, 0], [0, 0, 0, 2, 0, 2, 0, 2, 0, 0, 0], [0, 2, 2, 2, 0, 2, 0, 2, 2, 2, 0], [0, 2, 0, 2, 2, 2, 2, 2, 0, 2, 0], [0, 2, 0, 0, 0, 2, 0, 0, 0, 2, 0], [0, 3, 2, 2, 2, 2, 2, 2, 2, 2, 0], [0, 0, 0, 0, 0, 0, 0, 0, 0, 0, 0]]"
2025-05-30T20:08:33.838222,0,East,286.0,False,False,False,"[[0, 0, 0, 0, 0, 0, 0, 0, 0, 0, 0], [0, 2, 2, 2, 2, 1, 1, 1, 1, 1, 0], [0, 2, 0, 0, 0, 1, 0, 0, 0, 1, 0], [0, 2, 0, 1, 1, 1, 1, 1, 0, 1, 0], [0, 2, 2, 1, 0, 1, 0, 1, 1, 1, 0], [0, 0, 0, 1, 0, 1, 0, 2, 0, 0, 0], [0, 1, 1, 1, 2, 1, 1, 1, 2, 2, 0], [0, 1, 0, 2, 0, 0, 0, 1, 0, 2, 0], [0, 1, 0, 2, 0, 1, 0, 1, 0, 2, 0], [0, 1, 0, 2, 0, 1, 1, 1, 0, 2, 0], [0, 2, 0, 2, 0, 1, 1, 1, 0, 2, 0], [0, 2, 0, 4, 0, 1, 0, 5, 0, 2, 0], [0, 2, 0, 2, 0, 0, 0, 2, 0, 2, 0], [0, 2, 2, 2, 2, 4, 2, 2, 2, 2, 0], [0, 0, 0, 2, 0, 2, 0, 2, 0, 0, 0], [0, 2, 2, 2, 0, 2, 0, 2, 2, 2, 0], [0, 2, 0, 2, 2, 2, 2, 2, 0, 2, 0], [0, 2, 0, 0, 0, 2, 0, 0, 0, 2, 0], [0, 3, 2, 2, 2, 2, 2, 2, 2, 2, 0], [0, 0, 0, 0, 0, 0, 0, 0, 0, 0, 0]]"
2025-05-30T20:08:33.841096,0,East,295.0,False,False,False,"[[0, 0, 0, 0, 0, 0, 0, 0, 0, 0, 0], [0, 2, 2, 2, 2, 1, 1, 1, 1, 1, 0], [0, 2, 0, 0, 0, 1, 0, 0, 0, 1, 0], [0, 2, 0, 1, 1, 1, 1, 1, 0, 1, 0], [0, 2, 2, 1, 0, 1, 0, 1, 1, 1, 0], [0, 0, 0, 1, 0, 1, 0, 2, 0, 0, 0], [0, 1, 1, 1, 2, 1, 1, 1, 2, 2, 0], [0, 1, 0, 2, 0, 0, 0, 1, 0, 2, 0], [0, 1, 0, 2, 0, 1, 0, 1, 0, 2, 0], [0, 1, 0, 2, 0, 1, 1, 1, 0, 2, 0], [0, 2, 0, 2, 0, 1, 1, 1, 0, 2, 0], [0, 2, 0, 2, 0, 1, 0, 1, 0, 2, 0], [0, 2, 0, 4, 0, 0, 0, 5, 0, 2, 0], [0, 2, 2, 2, 2, 4, 2, 2, 2, 2, 0], [0, 0, 0, 2, 0, 2, 0, 2, 0, 0, 0], [0, 2, 2, 2, 0, 2, 0, 2, 2, 2, 0], [0, 2, 0, 2, 2, 2, 2, 2, 0, 2, 0], [0, 2, 0, 0, 0, 2, 0, 0, 0, 2, 0], [0, 3, 2, 2, 2, 2, 2, 2, 2, 2, 0], [0, 0, 0, 0, 0, 0, 0, 0, 0, 0, 0]]"
2025-05-30T20:08:33.845489,0,East,304.0,False,False,False,"[[0, 0, 0, 0, 0, 0, 0, 0, 0, 0, 0], [0, 2, 2, 2, 2, 1, 1, 1, 1, 1, 0], [0, 2, 0, 0, 0, 1, 0, 0, 0, 1, 0], [0, 2, 0, 1, 1, 1, 1, 1, 0, 1, 0], [0, 2, 2, 1, 0, 1, 0, 1, 1, 1, 0], [0, 0, 0, 1, 0, 1, 0, 2, 0, 0, 0], [0, 1, 1, 1, 2, 1, 1, 1, 2, 2, 0], [0, 1, 0, 2, 0, 0, 0, 1, 0, 2, 0], [0, 1, 0, 2, 0, 1, 0, 1, 0, 2, 0], [0, 1, 0, 2, 0, 1, 1, 1, 0, 2, 0], [0, 2, 0, 2, 0, 1, 1, 1, 0, 2, 0], [0, 2, 0, 2, 0, 1, 0, 1, 0, 2, 0], [0, 2, 0, 4, 0, 0, 0, 1, 0, 2, 0], [0, 2, 2, 2, 4, 2, 2, 5, 2, 2, 0], [0, 0, 0, 2, 0, 2, 0, 2, 0, 0, 0], [0, 2, 2, 2, 0, 2, 0, 2, 2, 2, 0], [0, 2, 0, 2, 2, 2, 2, 2, 0, 2, 0], [0, 2, 0, 0, 0, 2, 0, 0, 0, 2, 0], [0, 3, 2, 2, 2, 2, 2, 2, 2, 2, 0], [0, 0, 0, 0, 0, 0, 0, 0, 0, 0, 0]]"
2025-05-30T20:08:33.848830,0,East,313.0,False,False,False,"[[0, 0, 0, 0, 0, 0, 0, 0, 0, 0, 0], [0, 2, 2, 2, 2, 1, 1, 1, 1, 1, 0], [0, 2, 0, 0, 0, 1, 0, 0, 0, 1, 0], [0, 2, 0, 1, 1, 1, 1, 1, 0, 1, 0], [0, 2, 2, 1, 0, 1, 0, 1, 1, 1, 0], [0, 0, 0, 1, 0, 1, 0, 2, 0, 0, 0], [0, 1, 1, 1, 2, 1, 1, 1, 2, 2, 0], [0, 1, 0, 2, 0, 0, 0, 1, 0, 2, 0], [0, 1, 0, 2, 0, 1, 0, 1, 0, 2, 0], [0, 1, 0, 2, 0, 1, 1, 1, 0, 2, 0], [0, 2, 0, 2, 0, 1, 1, 1, 0, 2, 0], [0, 2, 0, 2, 0, 1, 0, 1, 0, 2, 0], [0, 2, 0, 2, 0, 0, 0, 1, 0, 2, 0], [0, 2, 2, 4, 4, 2, 2, 1, 2, 2, 0], [0, 0, 0, 2, 0, 2, 0, 5, 0, 0, 0], [0, 2, 2, 2, 0, 2, 0, 2, 2, 2, 0], [0, 2, 0, 2, 2, 2, 2, 2, 0, 2, 0], [0, 2, 0, 0, 0, 2, 0, 0, 0, 2, 0], [0, 3, 2, 2, 2, 2, 2, 2, 2, 2, 0], [0, 0, 0, 0, 0, 0, 0, 0, 0, 0, 0]]"
2025-05-30T20:08:33.852184,0,East,322.0,False,False,False,"[[0, 0, 0, 0, 0, 0, 0, 0, 0, 0, 0], [0, 2, 2, 2, 2, 1, 1, 1, 1, 1, 0], [0, 2, 0, 0, 0, 1, 0, 0, 0, 1, 0], [0, 2, 0, 1, 1, 1, 1, 1, 0, 1, 0], [0, 2, 2, 1, 0, 1, 0, 1, 1, 1, 0], [0, 0, 0, 1, 0, 1, 0, 2, 0, 0, 0], [0, 1, 1, 1, 2, 1, 1, 1, 2, 2, 0], [0, 1, 0, 2, 0, 0, 0, 1, 0, 2, 0], [0, 1, 0, 2, 0, 1, 0, 1, 0, 2, 0], [0, 1, 0, 2, 0, 1, 1, 1, 0, 2, 0], [0, 2, 0, 2, 0, 1, 1, 1, 0, 2, 0], [0, 2, 0, 2, 0, 1, 0, 1, 0, 2, 0], [0, 2, 0, 2, 0, 0, 0, 1, 0, 2, 0], [0, 2, 4, 4, 2, 2, 2, 1, 2, 2, 0], [0, 0, 0, 2, 0, 2, 0, 1, 0, 0, 0], [0, 2, 2, 2, 0, 2, 0, 5, 2, 2, 0], [0, 2, 0, 2, 2, 2, 2, 2, 0, 2, 0], [0, 2, 0, 0, 0, 2, 0, 0, 0, 2, 0], [0, 3, 2, 2, 2, 2, 2, 2, 2, 2, 0], [0, 0, 0, 0, 0, 0, 0, 0, 0, 0, 0]]"
2025-05-30T20:08:33.855124,0,South,331.0,False,False,False,"[[0, 0, 0, 0, 0, 0, 0, 0, 0, 0, 0], [0, 2, 2, 2, 2, 1, 1, 1, 1, 1, 0], [0, 2, 0, 0, 0, 1, 0, 0, 0, 1, 0], [0, 2, 0, 1, 1, 1, 1, 1, 0, 1, 0], [0, 2, 2, 1, 0, 1, 0, 1, 1, 1, 0], [0, 0, 0, 1, 0, 1, 0, 2, 0, 0, 0], [0, 1, 1, 1, 2, 1, 1, 1, 2, 2, 0], [0, 1, 0, 2, 0, 0, 0, 1, 0, 2, 0], [0, 1, 0, 2, 0, 1, 0, 1, 0, 2, 0], [0, 1, 0, 2, 0, 1, 1, 1, 0, 2, 0], [0, 2, 0, 2, 0, 1, 1, 1, 0, 2, 0], [0, 2, 0, 2, 0, 1, 0, 1, 0, 2, 0], [0, 2, 0, 2, 0, 0, 0, 1, 0, 2, 0], [0, 2, 4, 4, 2, 2, 2, 1, 2, 2, 0], [0, 0, 0, 2, 0, 2, 0, 1, 0, 0, 0], [0, 2, 2, 2, 0, 2, 0, 1, 2, 2, 0], [0, 2, 0, 2, 2, 2, 2, 5, 0, 2, 0], [0, 2, 0, 0, 0, 2, 0, 0, 0, 2, 0], [0, 3, 2, 2, 2, 2, 2, 2, 2, 2, 0], [0, 0, 0, 0, 0, 0, 0, 0, 0, 0, 0]]"
2025-05-30T20:08:33.857167,0,South,340.0,False,False,False,"[[0, 0, 0, 0, 0, 0, 0, 0, 0, 0, 0], [0, 2, 2, 2, 2, 1, 1, 1, 1, 1, 0], [0, 2, 0, 0, 0, 1, 0, 0, 0, 1, 0], [0, 2, 0, 1, 1, 1, 1, 1, 0, 1, 0], [0, 2, 2, 1, 0, 1, 0, 1, 1, 1, 0], [0, 0, 0, 1, 0, 1, 0, 2, 0, 0, 0], [0, 1, 1, 1, 2, 1, 1, 1, 2, 2, 0], [0, 1, 0, 2, 0, 0, 0, 1, 0, 2, 0], [0, 1, 0, 2, 0, 1, 0, 1, 0, 2, 0], [0, 1, 0, 2, 0, 1, 1, 1, 0, 2, 0], [0, 2, 0, 2, 0, 1, 1, 1, 0, 2, 0], [0, 2, 0, 2, 0, 1, 0, 1, 0, 2, 0], [0, 2, 0, 2, 0, 0, 0, 1, 0, 2, 0], [0, 4, 4, 2, 2, 2, 2, 1, 2, 2, 0], [0, 0, 0, 2, 0, 2, 0, 1, 0, 0, 0], [0, 2, 2, 2, 0, 2, 0, 1, 2, 2, 0], [0, 2, 0, 2, 2, 2, 5, 1, 0, 2, 0], [0, 2, 0, 0, 0, 2, 0, 0, 0, 2, 0], [0, 3, 2, 2, 2, 2, 2, 2, 2, 2, 0], [0, 0, 0, 0, 0, 0, 0, 0, 0, 0, 0]]"
2025-05-30T20:08:33.860066,0,West,349.0,False,False,False,"[[0, 0, 0, 0, 0, 0, 0, 0, 0, 0, 0], [0, 2, 2, 2, 2, 1, 1, 1, 1, 1, 0], [0, 2, 0, 0, 0, 1, 0, 0, 0, 1, 0], [0, 2, 0, 1, 1, 1, 1, 1, 0, 1, 0], [0, 2, 2, 1, 0, 1, 0, 1, 1, 1, 0], [0, 0, 0, 1, 0, 1, 0, 2, 0, 0, 0], [0, 1, 1, 1, 2, 1, 1, 1, 2, 2, 0], [0, 1, 0, 2, 0, 0, 0, 1, 0, 2, 0], [0, 1, 0, 2, 0, 1, 0, 1, 0, 2, 0], [0, 1, 0, 2, 0, 1, 1, 1, 0, 2, 0], [0, 2, 0, 2, 0, 1, 1, 1, 0, 2, 0], [0, 2, 0, 2, 0, 1, 0, 1, 0, 2, 0], [0, 2, 0, 2, 0, 0, 0, 1, 0, 2, 0], [0, 4, 4, 2, 2, 2, 2, 1, 2, 2, 0], [0, 0, 0, 2, 0, 2, 0, 1, 0, 0, 0], [0, 2, 2, 2, 0, 2, 0, 1, 2, 2, 0], [0, 2, 0, 2, 2, 5, 1, 1, 0, 2, 0], [0, 2, 0, 0, 0, 2, 0, 0, 0, 2, 0], [0, 3, 2, 2, 2, 2, 2, 2, 2, 2, 0], [0, 0, 0, 0, 0, 0, 0, 0, 0, 0, 0]]"
2025-05-30T20:08:33.862484,0,West,358.0,False,False,False,"[[0, 0, 0, 0, 0, 0, 0, 0, 0, 0, 0], [0, 2, 2, 2, 2, 1, 1, 1, 1, 1, 0], [0, 2, 0, 0, 0, 1, 0, 0, 0, 1, 0], [0, 2, 0, 1, 1, 1, 1, 1, 0, 1, 0], [0, 2, 2, 1, 0, 1, 0, 1, 1, 1, 0], [0, 0, 0, 1, 0, 1, 0, 2, 0, 0, 0], [0, 1, 1, 1, 2, 1, 1, 1, 2, 2, 0], [0, 1, 0, 2, 0, 0, 0, 1, 0, 2, 0], [0, 1, 0, 2, 0, 1, 0, 1, 0, 2, 0], [0, 1, 0, 2, 0, 1, 1, 1, 0, 2, 0], [0, 2, 0, 2, 0, 1, 1, 1, 0, 2, 0], [0, 2, 0, 2, 0, 1, 0, 1, 0, 2, 0], [0, 4, 0, 2, 0, 0, 0, 1, 0, 2, 0], [0, 4, 2, 2, 2, 2, 2, 1, 2, 2, 0], [0, 0, 0, 2, 0, 2, 0, 1, 0, 0, 0], [0, 2, 2, 2, 0, 5, 0, 1, 2, 2, 0], [0, 2, 0, 2, 2, 1, 1, 1, 0, 2, 0], [0, 2, 0, 0, 0, 2, 0, 0, 0, 2, 0], [0, 3, 2, 2, 2, 2, 2, 2, 2, 2, 0], [0, 0, 0, 0, 0, 0, 0, 0, 0, 0, 0]]"
2025-05-30T20:08:33.865584,0,West,367.0,False,False,False,"[[0, 0, 0, 0, 0, 0, 0, 0, 0, 0, 0], [0, 2, 2, 2, 2, 1, 1, 1, 1, 1, 0], [0, 2, 0, 0, 0, 1, 0, 0, 0, 1, 0], [0, 2, 0, 1, 1, 1, 1, 1, 0, 1, 0], [0, 2, 2, 1, 0, 1, 0, 1, 1, 1, 0], [0, 0, 0, 1, 0, 1, 0, 2, 0, 0, 0], [0, 1, 1, 1, 2, 1, 1, 1, 2, 2, 0], [0, 1, 0, 2, 0, 0, 0, 1, 0, 2, 0], [0, 1, 0, 2, 0, 1, 0, 1, 0, 2, 0], [0, 1, 0, 2, 0, 1, 1, 1, 0, 2, 0], [0, 2, 0, 2, 0, 1, 1, 1, 0, 2, 0], [0, 2, 0, 2, 0, 1, 0, 1, 0, 2, 0], [0, 4, 0, 2, 0, 0, 0, 1, 0, 2, 0], [0, 4, 2, 2, 2, 2, 2, 1, 2, 2, 0], [0, 0, 0, 2, 0, 5, 0, 1, 0, 0, 0], [0, 2, 2, 2, 0, 1, 0, 1, 2, 2, 0], [0, 2, 0, 2, 2, 1, 1, 1, 0, 2, 0], [0, 2, 0, 0, 0, 2, 0, 0, 0, 2, 0], [0, 3, 2, 2, 2, 2, 2, 2, 2, 2, 0], [0, 0, 0, 0, 0, 0, 0, 0, 0, 0, 0]]"
2025-05-30T20:08:33.868040,0,South,376.0,False,False,False,"[[0, 0, 0, 0, 0, 0, 0, 0, 0, 0, 0], [0, 2, 2, 2, 2, 1, 1, 1, 1, 1, 0], [0, 2, 0, 0, 0, 1, 0, 0, 0, 1, 0], [0, 2, 0, 1, 1, 1, 1, 1, 0, 1, 0], [0, 2, 2, 1, 0, 1, 0, 1, 1, 1, 0], [0, 0, 0, 1, 0, 1, 0, 2, 0, 0, 0], [0, 1, 1, 1, 2, 1, 1, 1, 2, 2, 0], [0, 1, 0, 2, 0, 0, 0, 1, 0, 2, 0], [0, 1, 0, 2, 0, 1, 0, 1, 0, 2, 0], [0, 1, 0, 2, 0, 1, 1, 1, 0, 2, 0], [0, 2, 0, 2, 0, 1, 1, 1, 0, 2, 0], [0, 4, 0, 2, 0, 1, 0, 1, 0, 2, 0], [0, 4, 0, 2, 0, 0, 0, 1, 0, 2, 0], [0, 2, 2, 2, 2, 5, 2, 1, 2, 2, 0], [0, 0, 0, 2, 0, 1, 0, 1, 0, 0, 0], [0, 2, 2, 2, 0, 1, 0, 1, 2, 2, 0], [0, 2, 0, 2, 2, 1, 1, 1, 0, 2, 0], [0, 2, 0, 0, 0, 2, 0, 0, 0, 2, 0], [0, 3, 2, 2, 2, 2, 2, 2, 2, 2, 0], [0, 0, 0, 0, 0, 0, 0, 0, 0, 0, 0]]"
2025-05-30T20:08:33.870153,0,South,385.0,False,False,False,"[[0, 0, 0, 0, 0, 0, 0, 0, 0, 0, 0], [0, 2, 2, 2, 2, 1, 1, 1, 1, 1, 0], [0, 2, 0, 0, 0, 1, 0, 0, 0, 1, 0], [0, 2, 0, 1, 1, 1, 1, 1, 0, 1, 0], [0, 2, 2, 1, 0, 1, 0, 1, 1, 1, 0], [0, 0, 0, 1, 0, 1, 0, 2, 0, 0, 0], [0, 1, 1, 1, 2, 1, 1, 1, 2, 2, 0], [0, 1, 0, 2, 0, 0, 0, 1, 0, 2, 0], [0, 1, 0, 2, 0, 1, 0, 1, 0, 2, 0], [0, 1, 0, 2, 0, 1, 1, 1, 0, 2, 0], [0, 2, 0, 2, 0, 1, 1, 1, 0, 2, 0], [0, 4, 0, 2, 0, 1, 0, 1, 0, 2, 0], [0, 4, 0, 2, 0, 0, 0, 1, 0, 2, 0], [0, 2, 2, 2, 5, 1, 2, 1, 2, 2, 0], [0, 0, 0, 2, 0, 1, 0, 1, 0, 0, 0], [0, 2, 2, 2, 0, 1, 0, 1, 2, 2, 0], [0, 2, 0, 2, 2, 1, 1, 1, 0, 2, 0], [0, 2, 0, 0, 0, 2, 0, 0, 0, 2, 0], [0, 3, 2, 2, 2, 2, 2, 2, 2, 2, 0], [0, 0, 0, 0, 0, 0, 0, 0, 0, 0, 0]]"
2025-05-30T20:08:33.872981,0,West,394.0,False,False,False,"[[0, 0, 0, 0, 0, 0, 0, 0, 0, 0, 0], [0, 2, 2, 2, 2, 1, 1, 1, 1, 1, 0], [0, 2, 0, 0, 0, 1, 0, 0, 0, 1, 0], [0, 2, 0, 1, 1, 1, 1, 1, 0, 1, 0], [0, 2, 2, 1, 0, 1, 0, 1, 1, 1, 0], [0, 0, 0, 1, 0, 1, 0, 2, 0, 0, 0], [0, 1, 1, 1, 2, 1, 1, 1, 2, 2, 0], [0, 1, 0, 2, 0, 0, 0, 1, 0, 2, 0], [0, 1, 0, 2, 0, 1, 0, 1, 0, 2, 0], [0, 1, 0, 2, 0, 1, 1, 1, 0, 2, 0], [0, 4, 0, 2, 0, 1, 1, 1, 0, 2, 0], [0, 4, 0, 2, 0, 1, 0, 1, 0, 2, 0], [0, 2, 0, 2, 0, 0, 0, 1, 0, 2, 0], [0, 2, 2, 5, 1, 1, 2, 1, 2, 2, 0], [0, 0, 0, 2, 0, 1, 0, 1, 0, 0, 0], [0, 2, 2, 2, 0, 1, 0, 1, 2, 2, 0], [0, 2, 0, 2, 2, 1, 1, 1, 0, 2, 0], [0, 2, 0, 0, 0, 2, 0, 0, 0, 2, 0], [0, 3, 2, 2, 2, 2, 2, 2, 2, 2, 0], [0, 0, 0, 0, 0, 0, 0, 0, 0, 0, 0]]"
2025-05-30T20:08:33.875490,0,West,403.0,False,False,False,"[[0, 0, 0, 0, 0, 0, 0, 0, 0, 0, 0], [0, 2, 2, 2, 2, 1, 1, 1, 1, 1, 0], [0, 2, 0, 0, 0, 1, 0, 0, 0, 1, 0], [0, 2, 0, 1, 1, 1, 1, 1, 0, 1, 0], [0, 2, 2, 1, 0, 1, 0, 1, 1, 1, 0], [0, 0, 0, 1, 0, 1, 0, 2, 0, 0, 0], [0, 1, 1, 1, 2, 1, 1, 1, 2, 2, 0], [0, 1, 0, 2, 0, 0, 0, 1, 0, 2, 0], [0, 1, 0, 2, 0, 1, 0, 1, 0, 2, 0], [0, 1, 0, 2, 0, 1, 1, 1, 0, 2, 0], [0, 4, 0, 2, 0, 1, 1, 1, 0, 2, 0], [0, 4, 0, 2, 0, 1, 0, 1, 0, 2, 0], [0, 2, 0, 5, 0, 0, 0, 1, 0, 2, 0], [0, 2, 2, 1, 1, 1, 2, 1, 2, 2, 0], [0, 0, 0, 2, 0, 1, 0, 1, 0, 0, 0], [0, 2, 2, 2, 0, 1, 0, 1, 2, 2, 0], [0, 2, 0, 2, 2, 1, 1, 1, 0, 2, 0], [0, 2, 0, 0, 0, 2, 0, 0, 0, 2, 0], [0, 3, 2, 2, 2, 2, 2, 2, 2, 2, 0], [0, 0, 0, 0, 0, 0, 0, 0, 0, 0, 0]]"
2025-05-30T20:08:33.877401,0,West,412.0,False,False,False,"[[0, 0, 0, 0, 0, 0, 0, 0, 0, 0, 0], [0, 2, 2, 2, 2, 1, 1, 1, 1, 1, 0], [0, 2, 0, 0, 0, 1, 0, 0, 0, 1, 0], [0, 2, 0, 1, 1, 1, 1, 1, 0, 1, 0], [0, 2, 2, 1, 0, 1, 0, 1, 1, 1, 0], [0, 0, 0, 1, 0, 1, 0, 2, 0, 0, 0], [0, 1, 1, 1, 2, 1, 1, 1, 2, 2, 0], [0, 1, 0, 2, 0, 0, 0, 1, 0, 2, 0], [0, 1, 0, 2, 0, 1, 0, 1, 0, 2, 0], [0, 4, 0, 2, 0, 1, 1, 1, 0, 2, 0], [0, 4, 0, 2, 0, 1, 1, 1, 0, 2, 0], [0, 2, 0, 5, 0, 1, 0, 1, 0, 2, 0], [0, 2, 0, 1, 0, 0, 0, 1, 0, 2, 0], [0, 2, 2, 1, 1, 1, 2, 1, 2, 2, 0], [0, 0, 0, 2, 0, 1, 0, 1, 0, 0, 0], [0, 2, 2, 2, 0, 1, 0, 1, 2, 2, 0], [0, 2, 0, 2, 2, 1, 1, 1, 0, 2, 0], [0, 2, 0, 0, 0, 2, 0, 0, 0, 2, 0], [0, 3, 2, 2, 2, 2, 2, 2, 2, 2, 0], [0, 0, 0, 0, 0, 0, 0, 0, 0, 0, 0]]"
2025-05-30T20:08:33.879255,0,West,421.0,False,False,False,"[[0, 0, 0, 0, 0, 0, 0, 0, 0, 0, 0], [0, 2, 2, 2, 2, 1, 1, 1, 1, 1, 0], [0, 2, 0, 0, 0, 1, 0, 0, 0, 1, 0], [0, 2, 0, 1, 1, 1, 1, 1, 0, 1, 0], [0, 2, 2, 1, 0, 1, 0, 1, 1, 1, 0], [0, 0, 0, 1, 0, 1, 0, 2, 0, 0, 0], [0, 1, 1, 1, 2, 1, 1, 1, 2, 2, 0], [0, 1, 0, 2, 0, 0, 0, 1, 0, 2, 0], [0, 1, 0, 2, 0, 1, 0, 1, 0, 2, 0], [0, 4, 0, 2, 0, 1, 1, 1, 0, 2, 0], [0, 4, 0, 5, 0, 1, 1, 1, 0, 2, 0], [0, 2, 0, 1, 0, 1, 0, 1, 0, 2, 0], [0, 2, 0, 1, 0, 0, 0, 1, 0, 2, 0], [0, 2, 2, 1, 1, 1, 2, 1, 2, 2, 0], [0, 0, 0, 2, 0, 1, 0, 1, 0, 0, 0], [0, 2, 2, 2, 0, 1, 0, 1, 2, 2, 0], [0, 2, 0, 2, 2, 1, 1, 1, 0, 2, 0], [0, 2, 0, 0, 0, 2, 0, 0, 0, 2, 0], [0, 3, 2, 2, 2, 2, 2, 2, 2, 2, 0], [0, 0, 0, 0, 0, 0, 0, 0, 0, 0, 0]]"
2025-05-30T20:08:33.881147,0,West,430.0,False,False,False,"[[0, 0, 0, 0, 0, 0, 0, 0, 0, 0, 0], [0, 2, 2, 2, 2, 1, 1, 1, 1, 1, 0], [0, 2, 0, 0, 0, 1, 0, 0, 0, 1, 0], [0, 2, 0, 1, 1, 1, 1, 1, 0, 1, 0], [0, 2, 2, 1, 0, 1, 0, 1, 1, 1, 0], [0, 0, 0, 1, 0, 1, 0, 2, 0, 0, 0], [0, 1, 1, 1, 2, 1, 1, 1, 2, 2, 0], [0, 1, 0, 2, 0, 0, 0, 1, 0, 2, 0], [0, 4, 0, 2, 0, 1, 0, 1, 0, 2, 0], [0, 4, 0, 5, 0, 1, 1, 1, 0, 2, 0], [0, 2, 0, 1, 0, 1, 1, 1, 0, 2, 0], [0, 2, 0, 1, 0, 1, 0, 1, 0, 2, 0], [0, 2, 0, 1, 0, 0, 0, 1, 0, 2, 0], [0, 2, 2, 1, 1, 1, 2, 1, 2, 2, 0], [0, 0, 0, 2, 0, 1, 0, 1, 0, 0, 0], [0, 2, 2, 2, 0, 1, 0, 1, 2, 2, 0], [0, 2, 0, 2, 2, 1, 1, 1, 0, 2, 0], [0, 2, 0, 0, 0, 2, 0, 0, 0, 2, 0], [0, 3, 2, 2, 2, 2, 2, 2, 2, 2, 0], [0, 0, 0, 0, 0, 0, 0, 0, 0, 0, 0]]"
2025-05-30T20:08:33.882954,0,West,439.0,False,False,False,"[[0, 0, 0, 0, 0, 0, 0, 0, 0, 0, 0], [0, 2, 2, 2, 2, 1, 1, 1, 1, 1, 0], [0, 2, 0, 0, 0, 1, 0, 0, 0, 1, 0], [0, 2, 0, 1, 1, 1, 1, 1, 0, 1, 0], [0, 2, 2, 1, 0, 1, 0, 1, 1, 1, 0], [0, 0, 0, 1, 0, 1, 0, 2, 0, 0, 0], [0, 1, 1, 1, 2, 1, 1, 1, 2, 2, 0], [0, 1, 0, 2, 0, 0, 0, 1, 0, 2, 0], [0, 4, 0, 5, 0, 1, 0, 1, 0, 2, 0], [0, 4, 0, 1, 0, 1, 1, 1, 0, 2, 0], [0, 2, 0, 1, 0, 1, 1, 1, 0, 2, 0], [0, 2, 0, 1, 0, 1, 0, 1, 0, 2, 0], [0, 2, 0, 1, 0, 0, 0, 1, 0, 2, 0], [0, 2, 2, 1, 1, 1, 2, 1, 2, 2, 0], [0, 0, 0, 2, 0, 1, 0, 1, 0, 0, 0], [0, 2, 2, 2, 0, 1, 0, 1, 2, 2, 0], [0, 2, 0, 2, 2, 1, 1, 1, 0, 2, 0], [0, 2, 0, 0, 0, 2, 0, 0, 0, 2, 0], [0, 3, 2, 2, 2, 2, 2, 2, 2, 2, 0], [0, 0, 0, 0, 0, 0, 0, 0, 0, 0, 0]]"
2025-05-30T20:08:33.884860,0,West,448.0,False,False,False,"[[0, 0, 0, 0, 0, 0, 0, 0, 0, 0, 0], [0, 2, 2, 2, 2, 1, 1, 1, 1, 1, 0], [0, 2, 0, 0, 0, 1, 0, 0, 0, 1, 0], [0, 2, 0, 1, 1, 1, 1, 1, 0, 1, 0], [0, 2, 2, 1, 0, 1, 0, 1, 1, 1, 0], [0, 0, 0, 1, 0, 1, 0, 2, 0, 0, 0], [0, 1, 1, 1, 2, 1, 1, 1, 2, 2, 0], [0, 4, 0, 5, 0, 0, 0, 1, 0, 2, 0], [0, 4, 0, 1, 0, 1, 0, 1, 0, 2, 0], [0, 1, 0, 1, 0, 1, 1, 1, 0, 2, 0], [0, 2, 0, 1, 0, 1, 1, 1, 0, 2, 0], [0, 2, 0, 1, 0, 1, 0, 1, 0, 2, 0], [0, 2, 0, 1, 0, 0, 0, 1, 0, 2, 0], [0, 2, 2, 1, 1, 1, 2, 1, 2, 2, 0], [0, 0, 0, 2, 0, 1, 0, 1, 0, 0, 0], [0, 2, 2, 2, 0, 1, 0, 1, 2, 2, 0], [0, 2, 0, 2, 2, 1, 1, 1, 0, 2, 0], [0, 2, 0, 0, 0, 2, 0, 0, 0, 2, 0], [0, 3, 2, 2, 2, 2, 2, 2, 2, 2, 0], [0, 0, 0, 0, 0, 0, 0, 0, 0, 0, 0]]"
2025-05-30T20:08:33.887737,0,South,447.0,False,False,False,"[[0, 0, 0, 0, 0, 0, 0, 0, 0, 0, 0], [0, 2, 2, 2, 2, 1, 1, 1, 1, 1, 0], [0, 2, 0, 0, 0, 1, 0, 0, 0, 1, 0], [0, 2, 0, 1, 1, 1, 1, 1, 0, 1, 0], [0, 2, 2, 1, 0, 1, 0, 1, 1, 1, 0], [0, 0, 0, 1, 0, 1, 0, 2, 0, 0, 0], [0, 1, 1, 5, 2, 1, 1, 1, 2, 2, 0], [0, 4, 0, 1, 0, 0, 0, 1, 0, 2, 0], [0, 4, 0, 1, 0, 1, 0, 1, 0, 2, 0], [0, 1, 0, 1, 0, 1, 1, 1, 0, 2, 0], [0, 2, 0, 1, 0, 1, 1, 1, 0, 2, 0], [0, 2, 0, 1, 0, 1, 0, 1, 0, 2, 0], [0, 2, 0, 1, 0, 0, 0, 1, 0, 2, 0], [0, 2, 2, 1, 1, 1, 2, 1, 2, 2, 0], [0, 0, 0, 2, 0, 1, 0, 1, 0, 0, 0], [0, 2, 2, 2, 0, 1, 0, 1, 2, 2, 0], [0, 2, 0, 2, 2, 1, 1, 1, 0, 2, 0], [0, 2, 0, 0, 0, 2, 0, 0, 0, 2, 0], [0, 3, 2, 2, 2, 2, 2, 2, 2, 2, 0], [0, 0, 0, 0, 0, 0, 0, 0, 0, 0, 0]]"
2025-05-30T20:08:33.889640,0,South,446.0,False,False,False,"[[0, 0, 0, 0, 0, 0, 0, 0, 0, 0, 0], [0, 2, 2, 2, 2, 1, 1, 1, 1, 1, 0], [0, 2, 0, 0, 0, 1, 0, 0, 0, 1, 0], [0, 2, 0, 1, 1, 1, 1, 1, 0, 1, 0], [0, 2, 2, 1, 0, 1, 0, 1, 1, 1, 0], [0, 0, 0, 1, 0, 1, 0, 2, 0, 0, 0], [0, 4, 5, 1, 2, 1, 1, 1, 2, 2, 0], [0, 4, 0, 1, 0, 0, 0, 1, 0, 2, 0], [0, 1, 0, 1, 0, 1, 0, 1, 0, 2, 0], [0, 1, 0, 1, 0, 1, 1, 1, 0, 2, 0], [0, 2, 0, 1, 0, 1, 1, 1, 0, 2, 0], [0, 2, 0, 1, 0, 1, 0, 1, 0, 2, 0], [0, 2, 0, 1, 0, 0, 0, 1, 0, 2, 0], [0, 2, 2, 1, 1, 1, 2, 1, 2, 2, 0], [0, 0, 0, 2, 0, 1, 0, 1, 0, 0, 0], [0, 2, 2, 2, 0, 1, 0, 1, 2, 2, 0], [0, 2, 0, 2, 2, 1, 1, 1, 0, 2, 0], [0, 2, 0, 0, 0, 2, 0, 0, 0, 2, 0], [0, 3, 2, 2, 2, 2, 2, 2, 2, 2, 0], [0, 0, 0, 0, 0, 0, 0, 0, 0, 0, 0]]"
2025-05-30T20:08:33.890963,0,North,645.0,False,False,False,"[[0, 0, 0, 0, 0, 0, 0, 0, 0, 0, 0], [0, 2, 2, 2, 2, 1, 1, 1, 1, 1, 0], [0, 2, 0, 0, 0, 1, 0, 0, 0, 1, 0], [0, 2, 0, 1, 1, 1, 1, 1, 0, 1, 0], [0, 2, 2, 1, 0, 1, 0, 1, 1, 1, 0], [0, 0, 0, 1, 0, 1, 0, 2, 0, 0, 0], [0, 5, 1, 1, 2, 1, 1, 1, 2, 2, 0], [0, 4, 0, 1, 0, 0, 0, 1, 0, 2, 0], [0, 1, 0, 1, 0, 1, 0, 1, 0, 2, 0], [0, 1, 0, 1, 0, 1, 1, 1, 0, 2, 0], [0, 2, 0, 1, 0, 4, 1, 1, 0, 2, 0], [0, 2, 0, 1, 0, 1, 0, 1, 0, 2, 0], [0, 2, 0, 1, 0, 0, 0, 1, 0, 2, 0], [0, 2, 2, 1, 1, 1, 2, 1, 2, 2, 0], [0, 0, 0, 2, 0, 1, 0, 1, 0, 0, 0], [0, 2, 2, 2, 0, 1, 0, 1, 2, 2, 0], [0, 2, 0, 2, 2, 1, 1, 1, 0, 2, 0], [0, 2, 0, 0, 0, 2, 0, 0, 0, 2, 0], [0, 3, 2, 2, 2, 2, 2, 2, 2, 2, 0], [0, 0, 0, 0, 0, 0, 0, 0, 0, 0, 0]]"
2025-05-30T20:08:33.892824,0,North,644.0,False,False,False,"[[0, 0, 0, 0, 0, 0, 0, 0, 0, 0, 0], [0, 2, 2, 2, 2, 1, 1, 1, 1, 1, 0], [0, 2, 0, 0, 0, 1, 0, 0, 0, 1, 0], [0, 2, 0, 1, 1, 1, 1, 1, 0, 1, 0], [0, 2, 2, 1, 0, 1, 0, 1, 1, 1, 0], [0, 0, 0, 1, 0, 1, 0, 2, 0, 0, 0], [0, 4, 5, 1, 2, 1, 1, 1, 2, 2, 0], [0, 1, 0, 1, 0, 0, 0, 1, 0, 2, 0], [0, 1, 0, 1, 0, 1, 0, 1, 0, 2, 0], [0, 1, 0, 1, 0, 1, 1, 1, 0, 2, 0], [0, 2, 0, 1, 0, 1, 4, 1, 0, 2, 0], [0, 2, 0, 1, 0, 1, 0, 1, 0, 2, 0], [0, 2, 0, 1, 0, 0, 0, 1, 0, 2, 0], [0, 2, 2, 1, 1, 1, 2, 1, 2, 2, 0], [0, 0, 0, 2, 0, 1, 0, 1, 0, 0, 0], [0, 2, 2, 2, 0, 1, 0, 1, 2, 2, 0], [0, 2, 0, 2, 2, 1, 1, 1, 0, 2, 0], [0, 2, 0, 0, 0, 2, 0, 0, 0, 2, 0], [0, 3, 2, 2, 2, 2, 2, 2, 2, 2, 0], [0, 0, 0, 0, 0, 0, 0, 0, 0, 0, 0]]"
2025-05-30T20:08:33.895830,0,North,643.0,False,False,False,"[[0, 0, 0, 0, 0, 0, 0, 0, 0, 0, 0], [0, 2, 2, 2, 2, 1, 1, 1, 1, 1, 0], [0, 2, 0, 0, 0, 1, 0, 0, 0, 1, 0], [0, 2, 0, 1, 1, 1, 1, 1, 0, 1, 0], [0, 2, 2, 1, 0, 1, 0, 1, 1, 1, 0], [0, 0, 0, 1, 0, 1, 0, 2, 0, 0, 0], [0, 1, 4, 5, 2, 1, 1, 1, 2, 2, 0], [0, 1, 0, 1, 0, 0, 0, 1, 0, 2, 0], [0, 1, 0, 1, 0, 1, 0, 1, 0, 2, 0], [0, 1, 0, 1, 0, 1, 4, 1, 0, 2, 0], [0, 2, 0, 1, 0, 1, 1, 1, 0, 2, 0], [0, 2, 0, 1, 0, 1, 0, 1, 0, 2, 0], [0, 2, 0, 1, 0, 0, 0, 1, 0, 2, 0], [0, 2, 2, 1, 1, 1, 2, 1, 2, 2, 0], [0, 0, 0, 2, 0, 1, 0, 1, 0, 0, 0], [0, 2, 2, 2, 0, 1, 0, 1, 2, 2, 0], [0, 2, 0, 2, 2, 1, 1, 1, 0, 2, 0], [0, 2, 0, 0, 0, 2, 0, 0, 0, 2, 0], [0, 3, 2, 2, 2, 2, 2, 2, 2, 2, 0], [0, 0, 0, 0, 0, 0, 0, 0, 0, 0, 0]]"
2025-05-30T20:08:33.900034,0,North,652.0,False,False,False,"[[0, 0, 0, 0, 0, 0, 0, 0, 0, 0, 0], [0, 2, 2, 2, 2, 1, 1, 1, 1, 1, 0], [0, 2, 0, 0, 0, 1, 0, 0, 0, 1, 0], [0, 2, 0, 1, 1, 1, 1, 1, 0, 1, 0], [0, 2, 2, 1, 0, 1, 0, 1, 1, 1, 0], [0, 0, 0, 1, 0, 1, 0, 2, 0, 0, 0], [0, 1, 1, 4, 5, 1, 1, 1, 2, 2, 0], [0, 1, 0, 1, 0, 0, 0, 1, 0, 2, 0], [0, 1, 0, 1, 0, 1, 0, 1, 0, 2, 0], [0, 1, 0, 1, 0, 4, 1, 1, 0, 2, 0], [0, 2, 0, 1, 0, 1, 1, 1, 0, 2, 0], [0, 2, 0, 1, 0, 1, 0, 1, 0, 2, 0], [0, 2, 0, 1, 0, 0, 0, 1, 0, 2, 0], [0, 2, 2, 1, 1, 1, 2, 1, 2, 2, 0], [0, 0, 0, 2, 0, 1, 0, 1, 0, 0, 0], [0, 2, 2, 2, 0, 1, 0, 1, 2, 2, 0], [0, 2, 0, 2, 2, 1, 1, 1, 0, 2, 0], [0, 2, 0, 0, 0, 2, 0, 0, 0, 2, 0], [0, 3, 2, 2, 2, 2, 2, 2, 2, 2, 0], [0, 0, 0, 0, 0, 0, 0, 0, 0, 0, 0]]"
2025-05-30T20:08:33.902199,0,West,651.0,False,False,False,"[[0, 0, 0, 0, 0, 0, 0, 0, 0, 0, 0], [0, 2, 2, 2, 2, 1, 1, 1, 1, 1, 0], [0, 2, 0, 0, 0, 1, 0, 0, 0, 1, 0], [0, 2, 0, 1, 1, 1, 1, 1, 0, 1, 0], [0, 2, 2, 1, 0, 1, 0, 1, 1, 1, 0], [0, 0, 0, 1, 0, 1, 0, 2, 0, 0, 0], [0, 1, 1, 1, 4, 5, 1, 1, 2, 2, 0], [0, 1, 0, 1, 0, 0, 0, 1, 0, 2, 0], [0, 1, 0, 1, 0, 1, 0, 1, 0, 2, 0], [0, 1, 0, 1, 0, 1, 1, 1, 0, 2, 0], [0, 2, 0, 1, 0, 4, 1, 1, 0, 2, 0], [0, 2, 0, 1, 0, 1, 0, 1, 0, 2, 0], [0, 2, 0, 1, 0, 0, 0, 1, 0, 2, 0], [0, 2, 2, 1, 1, 1, 2, 1, 2, 2, 0], [0, 0, 0, 2, 0, 1, 0, 1, 0, 0, 0], [0, 2, 2, 2, 0, 1, 0, 1, 2, 2, 0], [0, 2, 0, 2, 2, 1, 1, 1, 0, 2, 0], [0, 2, 0, 0, 0, 2, 0, 0, 0, 2, 0], [0, 3, 2, 2, 2, 2, 2, 2, 2, 2, 0], [0, 0, 0, 0, 0, 0, 0, 0, 0, 0, 0]]"
2025-05-30T20:08:33.904445,0,West,650.0,False,False,False,"[[0, 0, 0, 0, 0, 0, 0, 0, 0, 0, 0], [0, 2, 2, 2, 2, 1, 1, 1, 1, 1, 0], [0, 2, 0, 0, 0, 1, 0, 0, 0, 1, 0], [0, 2, 0, 1, 1, 1, 1, 1, 0, 1, 0], [0, 2, 2, 1, 0, 1, 0, 1, 1, 1, 0], [0, 0, 0, 1, 0, 5, 0, 2, 0, 0, 0], [0, 1, 1, 1, 1, 4, 1, 1, 2, 2, 0], [0, 1, 0, 1, 0, 0, 0, 1, 0, 2, 0], [0, 1, 0, 1, 0, 1, 0, 1, 0, 2, 0], [0, 1, 0, 1, 0, 1, 1, 1, 0, 2, 0], [0, 2, 0, 1, 0, 1, 4, 1, 0, 2, 0], [0, 2, 0, 1, 0, 1, 0, 1, 0, 2, 0], [0, 2, 0, 1, 0, 0, 0, 1, 0, 2, 0], [0, 2, 2, 1, 1, 1, 2, 1, 2, 2, 0], [0, 0, 0, 2, 0, 1, 0, 1, 0, 0, 0], [0, 2, 2, 2, 0, 1, 0, 1, 2, 2, 0], [0, 2, 0, 2, 2, 1, 1, 1, 0, 2, 0], [0, 2, 0, 0, 0, 2, 0, 0, 0, 2, 0], [0, 3, 2, 2, 2, 2, 2, 2, 2, 2, 0], [0, 0, 0, 0, 0, 0, 0, 0, 0, 0, 0]]"
2025-05-30T20:08:33.906103,0,West,649.0,False,False,False,"[[0, 0, 0, 0, 0, 0, 0, 0, 0, 0, 0], [0, 2, 2, 2, 2, 1, 1, 1, 1, 1, 0], [0, 2, 0, 0, 0, 1, 0, 0, 0, 1, 0], [0, 2, 0, 1, 1, 1, 1, 1, 0, 1, 0], [0, 2, 2, 1, 0, 5, 0, 1, 1, 1, 0], [0, 0, 0, 1, 0, 4, 0, 2, 0, 0, 0], [0, 1, 1, 1, 1, 1, 1, 1, 2, 2, 0], [0, 1, 0, 1, 0, 0, 0, 1, 0, 2, 0], [0, 1, 0, 1, 0, 1, 0, 1, 0, 2, 0], [0, 1, 0, 1, 0, 1, 1, 1, 0, 2, 0], [0, 2, 0, 1, 0, 1, 1, 4, 0, 2, 0], [0, 2, 0, 1, 0, 1, 0, 1, 0, 2, 0], [0, 2, 0, 1, 0, 0, 0, 1, 0, 2, 0], [0, 2, 2, 1, 1, 1, 2, 1, 2, 2, 0], [0, 0, 0, 2, 0, 1, 0, 1, 0, 0, 0], [0, 2, 2, 2, 0, 1, 0, 1, 2, 2, 0], [0, 2, 0, 2, 2, 1, 1, 1, 0, 2, 0], [0, 2, 0, 0, 0, 2, 0, 0, 0, 2, 0], [0, 3, 2, 2, 2, 2, 2, 2, 2, 2, 0], [0, 0, 0, 0, 0, 0, 0, 0, 0, 0, 0]]"
2025-05-30T20:08:33.909770,0,West,648.0,False,False,False,"[[0, 0, 0, 0, 0, 0, 0, 0, 0, 0, 0], [0, 2, 2, 2, 2, 1, 1, 1, 1, 1, 0], [0, 2, 0, 0, 0, 1, 0, 0, 0, 1, 0], [0, 2, 0, 1, 1, 5, 1, 1, 0, 1, 0], [0, 2, 2, 1, 0, 4, 0, 1, 1, 1, 0], [0, 0, 0, 1, 0, 1, 0, 2, 0, 0, 0], [0, 1, 1, 1, 1, 1, 1, 1, 2, 2, 0], [0, 1, 0, 1, 0, 0, 0, 1, 0, 2, 0], [0, 1, 0, 1, 0, 1, 0, 1, 0, 2, 0], [0, 1, 0, 1, 0, 1, 1, 4, 0, 2, 0], [0, 2, 0, 1, 0, 1, 1, 1, 0, 2, 0], [0, 2, 0, 1, 0, 1, 0, 1, 0, 2, 0], [0, 2, 0, 1, 0, 0, 0, 1, 0, 2, 0], [0, 2, 2, 1, 1, 1, 2, 1, 2, 2, 0], [0, 0, 0, 2, 0, 1, 0, 1, 0, 0, 0], [0, 2, 2, 2, 0, 1, 0, 1, 2, 2, 0], [0, 2, 0, 2, 2, 1, 1, 1, 0, 2, 0], [0, 2, 0, 0, 0, 2, 0, 0, 0, 2, 0], [0, 3, 2, 2, 2, 2, 2, 2, 2, 2, 0], [0, 0, 0, 0, 0, 0, 0, 0, 0, 0, 0]]"
2025-05-30T20:08:33.913715,0,West,647.0,False,False,False,"[[0, 0, 0, 0, 0, 0, 0, 0, 0, 0, 0], [0, 2, 2, 2, 2, 1, 1, 1, 1, 1, 0], [0, 2, 0, 0, 0, 5, 0, 0, 0, 1, 0], [0, 2, 0, 1, 1, 4, 1, 1, 0, 1, 0], [0, 2, 2, 1, 0, 1, 0, 1, 1, 1, 0], [0, 0, 0, 1, 0, 1, 0, 2, 0, 0, 0], [0, 1, 1, 1, 1, 1, 1, 1, 2, 2, 0], [0, 1, 0, 1, 0, 0, 0, 1, 0, 2, 0], [0, 1, 0, 1, 0, 1, 0, 1, 0, 2, 0], [0, 1, 0, 1, 0, 1, 4, 1, 0, 2, 0], [0, 2, 0, 1, 0, 1, 1, 1, 0, 2, 0], [0, 2, 0, 1, 0, 1, 0, 1, 0, 2, 0], [0, 2, 0, 1, 0, 0, 0, 1, 0, 2, 0], [0, 2, 2, 1, 1, 1, 2, 1, 2, 2, 0], [0, 0, 0, 2, 0, 1, 0, 1, 0, 0, 0], [0, 2, 2, 2, 0, 1, 0, 1, 2, 2, 0], [0, 2, 0, 2, 2, 1, 1, 1, 0, 2, 0], [0, 2, 0, 0, 0, 2, 0, 0, 0, 2, 0], [0, 3, 2, 2, 2, 2, 2, 2, 2, 2, 0], [0, 0, 0, 0, 0, 0, 0, 0, 0, 0, 0]]"
2025-05-30T20:08:33.915633,0,South,646.0,False,False,False,"[[0, 0, 0, 0, 0, 0, 0, 0, 0, 0, 0], [0, 2, 2, 2, 2, 5, 1, 1, 1, 1, 0], [0, 2, 0, 0, 0, 4, 0, 0, 0, 1, 0], [0, 2, 0, 1, 1, 1, 1, 1, 0, 1, 0], [0, 2, 2, 1, 0, 1, 0, 1, 1, 1, 0], [0, 0, 0, 1, 0, 1, 0, 2, 0, 0, 0], [0, 1, 1, 1, 1, 1, 1, 1, 2, 2, 0], [0, 1, 0, 1, 0, 0, 0, 1, 0, 2, 0], [0, 1, 0, 1, 0, 1, 0, 1, 0, 2, 0], [0, 1, 0, 1, 0, 4, 1, 1, 0, 2, 0], [0, 2, 0, 1, 0, 1, 1, 1, 0, 2, 0], [0, 2, 0, 1, 0, 1, 0, 1, 0, 2, 0], [0, 2, 0, 1, 0, 0, 0, 1, 0, 2, 0], [0, 2, 2, 1, 1, 1, 2, 1, 2, 2, 0], [0, 0, 0, 2, 0, 1, 0, 1, 0, 0, 0], [0, 2, 2, 2, 0, 1, 0, 1, 2, 2, 0], [0, 2, 0, 2, 2, 1, 1, 1, 0, 2, 0], [0, 2, 0, 0, 0, 2, 0, 0, 0, 2, 0], [0, 3, 2, 2, 2, 2, 2, 2, 2, 2, 0], [0, 0, 0, 0, 0, 0, 0, 0, 0, 0, 0]]"
2025-05-30T20:08:33.917302,0,South,655.0,False,False,False,"[[0, 0, 0, 0, 0, 0, 0, 0, 0, 0, 0], [0, 2, 2, 2, 5, 4, 1, 1, 1, 1, 0], [0, 2, 0, 0, 0, 1, 0, 0, 0, 1, 0], [0, 2, 0, 1, 1, 1, 1, 1, 0, 1, 0], [0, 2, 2, 1, 0, 1, 0, 1, 1, 1, 0], [0, 0, 0, 1, 0, 1, 0, 2, 0, 0, 0], [0, 1, 1, 1, 1, 1, 1, 1, 2, 2, 0], [0, 1, 0, 1, 0, 0, 0, 1, 0, 2, 0], [0, 1, 0, 1, 0, 4, 0, 1, 0, 2, 0], [0, 1, 0, 1, 0, 1, 1, 1, 0, 2, 0], [0, 2, 0, 1, 0, 1, 1, 1, 0, 2, 0], [0, 2, 0, 1, 0, 1, 0, 1, 0, 2, 0], [0, 2, 0, 1, 0, 0, 0, 1, 0, 2, 0], [0, 2, 2, 1, 1, 1, 2, 1, 2, 2, 0], [0, 0, 0, 2, 0, 1, 0, 1, 0, 0, 0], [0, 2, 2, 2, 0, 1, 0, 1, 2, 2, 0], [0, 2, 0, 2, 2, 1, 1, 1, 0, 2, 0], [0, 2, 0, 0, 0, 2, 0, 0, 0, 2, 0], [0, 3, 2, 2, 2, 2, 2, 2, 2, 2, 0], [0, 0, 0, 0, 0, 0, 0, 0, 0, 0, 0]]"
2025-05-30T20:08:33.918618,0,South,664.0,False,False,False,"[[0, 0, 0, 0, 0, 0, 0, 0, 0, 0, 0], [0, 2, 2, 5, 4, 1, 1, 1, 1, 1, 0], [0, 2, 0, 0, 0, 1, 0, 0, 0, 1, 0], [0, 2, 0, 1, 1, 1, 1, 1, 0, 1, 0], [0, 2, 2, 1, 0, 1, 0, 1, 1, 1, 0], [0, 0, 0, 1, 0, 1, 0, 2, 0, 0, 0], [0, 1, 1, 1, 1, 1, 1, 1, 2, 2, 0], [0, 1, 0, 1, 0, 0, 0, 1, 0, 2, 0], [0, 1, 0, 1, 0, 1, 0, 1, 0, 2, 0], [0, 1, 0, 1, 0, 4, 1, 1, 0, 2, 0], [0, 2, 0, 1, 0, 1, 1, 1, 0, 2, 0], [0, 2, 0, 1, 0, 1, 0, 1, 0, 2, 0], [0, 2, 0, 1, 0, 0, 0, 1, 0, 2, 0], [0, 2, 2, 1, 1, 1, 2, 1, 2, 2, 0], [0, 0, 0, 2, 0, 1, 0, 1, 0, 0, 0], [0, 2, 2, 2, 0, 1, 0, 1, 2, 2, 0], [0, 2, 0, 2, 2, 1, 1, 1, 0, 2, 0], [0, 2, 0, 0, 0, 2, 0, 0, 0, 2, 0], [0, 3, 2, 2, 2, 2, 2, 2, 2, 2, 0], [0, 0, 0, 0, 0, 0, 0, 0, 0, 0, 0]]"
2025-05-30T20:08:33.920072,0,South,673.0,False,False,False,"[[0, 0, 0, 0, 0, 0, 0, 0, 0, 0, 0], [0, 2, 5, 4, 1, 1, 1, 1, 1, 1, 0], [0, 2, 0, 0, 0, 1, 0, 0, 0, 1, 0], [0, 2, 0, 1, 1, 1, 1, 1, 0, 1, 0], [0, 2, 2, 1, 0, 1, 0, 1, 1, 1, 0], [0, 0, 0, 1, 0, 1, 0, 2, 0, 0, 0], [0, 1, 1, 1, 1, 1, 1, 1, 2, 2, 0], [0, 1, 0, 1, 0, 0, 0, 1, 0, 2, 0], [0, 1, 0, 1, 0, 1, 0, 1, 0, 2, 0], [0, 1, 0, 1, 0, 1, 4, 1, 0, 2, 0], [0, 2, 0, 1, 0, 1, 1, 1, 0, 2, 0], [0, 2, 0, 1, 0, 1, 0, 1, 0, 2, 0], [0, 2, 0, 1, 0, 0, 0, 1, 0, 2, 0], [0, 2, 2, 1, 1, 1, 2, 1, 2, 2, 0], [0, 0, 0, 2, 0, 1, 0, 1, 0, 0, 0], [0, 2, 2, 2, 0, 1, 0, 1, 2, 2, 0], [0, 2, 0, 2, 2, 1, 1, 1, 0, 2, 0], [0, 2, 0, 0, 0, 2, 0, 0, 0, 2, 0], [0, 3, 2, 2, 2, 2, 2, 2, 2, 2, 0], [0, 0, 0, 0, 0, 0, 0, 0, 0, 0, 0]]"
2025-05-30T20:08:33.921431,0,East,682.0,False,False,False,"[[0, 0, 0, 0, 0, 0, 0, 0, 0, 0, 0], [0, 5, 4, 1, 1, 1, 1, 1, 1, 1, 0], [0, 2, 0, 0, 0, 1, 0, 0, 0, 1, 0], [0, 2, 0, 1, 1, 1, 1, 1, 0, 1, 0], [0, 2, 2, 1, 0, 1, 0, 1, 1, 1, 0], [0, 0, 0, 1, 0, 1, 0, 2, 0, 0, 0], [0, 1, 1, 1, 1, 1, 1, 1, 2, 2, 0], [0, 1, 0, 1, 0, 0, 0, 1, 0, 2, 0], [0, 1, 0, 1, 0, 1, 0, 1, 0, 2, 0], [0, 1, 0, 1, 0, 1, 1, 4, 0, 2, 0], [0, 2, 0, 1, 0, 1, 1, 1, 0, 2, 0], [0, 2, 0, 1, 0, 1, 0, 1, 0, 2, 0], [0, 2, 0, 1, 0, 0, 0, 1, 0, 2, 0], [0, 2, 2, 1, 1, 1, 2, 1, 2, 2, 0], [0, 0, 0, 2, 0, 1, 0, 1, 0, 0, 0], [0, 2, 2, 2, 0, 1, 0, 1, 2, 2, 0], [0, 2, 0, 2, 2, 1, 1, 1, 0, 2, 0], [0, 2, 0, 0, 0, 2, 0, 0, 0, 2, 0], [0, 3, 2, 2, 2, 2, 2, 2, 2, 2, 0], [0, 0, 0, 0, 0, 0, 0, 0, 0, 0, 0]]"
2025-05-30T20:08:33.922467,0,East,691.0,False,False,False,"[[0, 0, 0, 0, 0, 0, 0, 0, 0, 0, 0], [0, 4, 1, 1, 1, 1, 1, 1, 1, 1, 0], [0, 5, 0, 0, 0, 1, 0, 0, 0, 1, 0], [0, 2, 0, 1, 1, 1, 1, 1, 0, 1, 0], [0, 2, 2, 1, 0, 1, 0, 1, 1, 1, 0], [0, 0, 0, 1, 0, 1, 0, 2, 0, 0, 0], [0, 1, 1, 1, 1, 1, 1, 1, 2, 2, 0], [0, 1, 0, 1, 0, 0, 0, 1, 0, 2, 0], [0, 1, 0, 1, 0, 1, 0, 4, 0, 2, 0], [0, 1, 0, 1, 0, 1, 1, 1, 0, 2, 0], [0, 2, 0, 1, 0, 1, 1, 1, 0, 2, 0], [0, 2, 0, 1, 0, 1, 0, 1, 0, 2, 0], [0, 2, 0, 1, 0, 0, 0, 1, 0, 2, 0], [0, 2, 2, 1, 1, 1, 2, 1, 2, 2, 0], [0, 0, 0, 2, 0, 1, 0, 1, 0, 0, 0], [0, 2, 2, 2, 0, 1, 0, 1, 2, 2, 0], [0, 2, 0, 2, 2, 1, 1, 1, 0, 2, 0], [0, 2, 0, 0, 0, 2, 0, 0, 0, 2, 0], [0, 3, 2, 2, 2, 2, 2, 2, 2, 2, 0], [0, 0, 0, 0, 0, 0, 0, 0, 0, 0, 0]]"
2025-05-30T20:08:33.923872,0,East,700.0,False,False,False,"[[0, 0, 0, 0, 0, 0, 0, 0, 0, 0, 0], [0, 1, 1, 1, 1, 1, 1, 1, 1, 1, 0], [0, 4, 0, 0, 0, 1, 0, 0, 0, 1, 0], [0, 5, 0, 1, 1, 1, 1, 1, 0, 1, 0], [0, 2, 2, 1, 0, 1, 0, 1, 1, 1, 0], [0, 0, 0, 1, 0, 1, 0, 2, 0, 0, 0], [0, 1, 1, 1, 1, 1, 1, 1, 2, 2, 0], [0, 1, 0, 1, 0, 0, 0, 4, 0, 2, 0], [0, 1, 0, 1, 0, 1, 0, 1, 0, 2, 0], [0, 1, 0, 1, 0, 1, 1, 1, 0, 2, 0], [0, 2, 0, 1, 0, 1, 1, 1, 0, 2, 0], [0, 2, 0, 1, 0, 1, 0, 1, 0, 2, 0], [0, 2, 0, 1, 0, 0, 0, 1, 0, 2, 0], [0, 2, 2, 1, 1, 1, 2, 1, 2, 2, 0], [0, 0, 0, 2, 0, 1, 0, 1, 0, 0, 0], [0, 2, 2, 2, 0, 1, 0, 1, 2, 2, 0], [0, 2, 0, 2, 2, 1, 1, 1, 0, 2, 0], [0, 2, 0, 0, 0, 2, 0, 0, 0, 2, 0], [0, 3, 2, 2, 2, 2, 2, 2, 2, 2, 0], [0, 0, 0, 0, 0, 0, 0, 0, 0, 0, 0]]"
2025-05-30T20:08:33.925427,0,North,709.0,False,False,False,"[[0, 0, 0, 0, 0, 0, 0, 0, 0, 0, 0], [0, 1, 1, 1, 1, 1, 1, 1, 1, 1, 0], [0, 1, 0, 0, 0, 1, 0, 0, 0, 1, 0], [0, 4, 0, 1, 1, 1, 1, 1, 0, 1, 0], [0, 5, 2, 1, 0, 1, 0, 1, 1, 1, 0], [0, 0, 0, 1, 0, 1, 0, 2, 0, 0, 0], [0, 1, 1, 1, 1, 1, 1, 4, 2, 2, 0], [0, 1, 0, 1, 0, 0, 0, 1, 0, 2, 0], [0, 1, 0, 1, 0, 1, 0, 1, 0, 2, 0], [0, 1, 0, 1, 0, 1, 1, 1, 0, 2, 0], [0, 2, 0, 1, 0, 1, 1, 1, 0, 2, 0], [0, 2, 0, 1, 0, 1, 0, 1, 0, 2, 0], [0, 2, 0, 1, 0, 0, 0, 1, 0, 2, 0], [0, 2, 2, 1, 1, 1, 2, 1, 2, 2, 0], [0, 0, 0, 2, 0, 1, 0, 1, 0, 0, 0], [0, 2, 2, 2, 0, 1, 0, 1, 2, 2, 0], [0, 2, 0, 2, 2, 1, 1, 1, 0, 2, 0], [0, 2, 0, 0, 0, 2, 0, 0, 0, 2, 0], [0, 3, 2, 2, 2, 2, 2, 2, 2, 2, 0], [0, 0, 0, 0, 0, 0, 0, 0, 0, 0, 0]]"
2025-05-30T20:08:33.926505,0,North,718.0,False,False,False,"[[0, 0, 0, 0, 0, 0, 0, 0, 0, 0, 0], [0, 1, 1, 1, 1, 1, 1, 1, 1, 1, 0], [0, 1, 0, 0, 0, 1, 0, 0, 0, 1, 0], [0, 1, 0, 1, 1, 1, 1, 1, 0, 1, 0], [0, 4, 5, 1, 0, 1, 0, 1, 1, 1, 0], [0, 0, 0, 1, 0, 1, 0, 2, 0, 0, 0], [0, 1, 1, 1, 1, 1, 4, 1, 2, 2, 0], [0, 1, 0, 1, 0, 0, 0, 1, 0, 2, 0], [0, 1, 0, 1, 0, 1, 0, 1, 0, 2, 0], [0, 1, 0, 1, 0, 1, 1, 1, 0, 2, 0], [0, 2, 0, 1, 0, 1, 1, 1, 0, 2, 0], [0, 2, 0, 1, 0, 1, 0, 1, 0, 2, 0], [0, 2, 0, 1, 0, 0, 0, 1, 0, 2, 0], [0, 2, 2, 1, 1, 1, 2, 1, 2, 2, 0], [0, 0, 0, 2, 0, 1, 0, 1, 0, 0, 0], [0, 2, 2, 2, 0, 1, 0, 1, 2, 2, 0], [0, 2, 0, 2, 2, 1, 1, 1, 0, 2, 0], [0, 2, 0, 0, 0, 2, 0, 0, 0, 2, 0], [0, 3, 2, 2, 2, 2, 2, 2, 2, 2, 0], [0, 0, 0, 0, 0, 0, 0, 0, 0, 0, 0]]"
2025-05-30T20:08:33.928503,0,West,717.0,False,False,False,"[[0, 0, 0, 0, 0, 0, 0, 0, 0, 0, 0], [0, 1, 1, 1, 1, 1, 1, 1, 1, 1, 0], [0, 1, 0, 0, 0, 1, 0, 0, 0, 1, 0], [0, 1, 0, 1, 1, 1, 1, 1, 0, 1, 0], [0, 1, 4, 5, 0, 1, 0, 1, 1, 1, 0], [0, 0, 0, 1, 0, 1, 0, 2, 0, 0, 0], [0, 1, 1, 1, 1, 4, 1, 1, 2, 2, 0], [0, 1, 0, 1, 0, 0, 0, 1, 0, 2, 0], [0, 1, 0, 1, 0, 1, 0, 1, 0, 2, 0], [0, 1, 0, 1, 0, 1, 1, 1, 0, 2, 0], [0, 2, 0, 1, 0, 1, 1, 1, 0, 2, 0], [0, 2, 0, 1, 0, 1, 0, 1, 0, 2, 0], [0, 2, 0, 1, 0, 0, 0, 1, 0, 2, 0], [0, 2, 2, 1, 1, 1, 2, 1, 2, 2, 0], [0, 0, 0, 2, 0, 1, 0, 1, 0, 0, 0], [0, 2, 2, 2, 0, 1, 0, 1, 2, 2, 0], [0, 2, 0, 2, 2, 1, 1, 1, 0, 2, 0], [0, 2, 0, 0, 0, 2, 0, 0, 0, 2, 0], [0, 3, 2, 2, 2, 2, 2, 2, 2, 2, 0], [0, 0, 0, 0, 0, 0, 0, 0, 0, 0, 0]]"
2025-05-30T20:08:33.929931,0,Stop,716.0,False,False,False,"[[0, 0, 0, 0, 0, 0, 0, 0, 0, 0, 0], [0, 1, 1, 1, 1, 1, 1, 1, 1, 1, 0], [0, 1, 0, 0, 0, 1, 0, 0, 0, 1, 0], [0, 1, 0, 5, 1, 1, 1, 1, 0, 1, 0], [0, 1, 1, 4, 0, 1, 0, 1, 1, 1, 0], [0, 0, 0, 1, 0, 4, 0, 2, 0, 0, 0], [0, 1, 1, 1, 1, 1, 1, 1, 2, 2, 0], [0, 1, 0, 1, 0, 0, 0, 1, 0, 2, 0], [0, 1, 0, 1, 0, 1, 0, 1, 0, 2, 0], [0, 1, 0, 1, 0, 1, 1, 1, 0, 2, 0], [0, 2, 0, 1, 0, 1, 1, 1, 0, 2, 0], [0, 2, 0, 1, 0, 1, 0, 1, 0, 2, 0], [0, 2, 0, 1, 0, 0, 0, 1, 0, 2, 0], [0, 2, 2, 1, 1, 1, 2, 1, 2, 2, 0], [0, 0, 0, 2, 0, 1, 0, 1, 0, 0, 0], [0, 2, 2, 2, 0, 1, 0, 1, 2, 2, 0], [0, 2, 0, 2, 2, 1, 1, 1, 0, 2, 0], [0, 2, 0, 0, 0, 2, 0, 0, 0, 2, 0], [0, 3, 2, 2, 2, 2, 2, 2, 2, 2, 0], [0, 0, 0, 0, 0, 0, 0, 0, 0, 0, 0]]"
